<?xml version='1.0' encoding='utf-8'?>

<experiment>
<series name="20080821_egl-5_7E3_11_L1"/>
<date date="20080821"/>
<person name="murray"/>
<strain name="RW10601"/>
<treatments desc="none"/>
<redsig value="egl-5"/>
<imageloc loc="/gpfs/fs0/u/jmurr/images/20080821_egl-5_7E3_11_L1"/>
<timepts num="262"/>
<annots loc="/gpfs/fs0/u/jmurr/images/20080821_egl-5_7E3_11_L1"/>
<acetree config="20080821_egl-5_7E3_11_L1.dat"/>
<editedby name="n/a"/>
<editedtimepts num="n/a"/>
<editedcells num="n/a"/>
<checkedby name="n/a"/>
<comments text="ENCODE block shift 105->125"/>
<status case="deleted"/>
</experiment>
