<?xml version='1.0' encoding='utf-8'?>

<experiment>
<series name="20080220_die-1_3e4_10"/>
<date date="20080220"/>
<person name="murray"/>
<strain name="RW10376"/>
<treatments desc="none"/>
<redsig value="die-1"/>
<imageloc loc="/gpfs/fs0/u/jmurr/images/20080220_die-1_3e4_10"/>
<timepts num="255"/>
<annots loc="/gpfs/fs0/u/jmurr/images/20080220_die-1_3e4_10"/>
<acetree config="20080220_die-1_3e4_10.xml"/>
<editedby name="JIM"/>
<editedtimepts num="190"/>
<editedcells num="360"/>
<checkedby name="n/a"/>
<comments text="ENCODE images bad after t215 (~380 cells)"/>
<status case="archived"/>
</experiment>
