<?xml version='1.0' encoding='utf-8'?>

<experiment>
<series name="20081010_ceh-14_8F2_14_L1"/>
<date date="20081010"/>
<person name="murray"/>
<strain name="RW10726"/>
<treatments desc="none"/>
<redsig value="ceh-14"/>
<imageloc loc="/gpfs/fs0/u/jmurr/images/20081010_ceh-14_8F2_14_L1"/>
<timepts num="257"/>
<annots loc="/gpfs/fs0/u/jmurr/images/20081010_ceh-14_8F2_14_L1"/>
<acetree config="20081010_ceh-14_8F2_14_L1.xml"/>
<editedby name="JIM"/>
<editedtimepts num="150"/>
<editedcells num="363"/>
<checkedby name="n/a"/>
<comments text="ENCODE; tail after comma - ID cells expressing at t257: PVR, PVT, DVC, one pharyngeal gland cell? and AFDs"/>
<status case="archived"/>
</experiment>
