<?xml version='1.0' encoding='utf-8'?>

<experiment>
<series name="20080711_tbx-8_7G2_1_L1"/>
<date date="20080711"/>
<person name="murray"/>
<strain name="RW10558"/>
<treatments desc="none"/>
<redsig value="tbx-8"/>
<imageloc loc="/gpfs/fs0/u/jmurr/images/20080711_tbx-8_7G2_1_L1"/>
<timepts num="257"/>
<annots loc="/gpfs/fs0/u/jmurr/images/20080711_tbx-8_7G2_1_L1"/>
<acetree config="20080711_tbx-8_7G2_1_L1.xml"/>
<editedby name="n/a"/>
<editedtimepts num="n/a"/>
<editedcells num="n/a"/>
<checkedby name="n/a"/>
<comments text="ENCODE; Arrests at ~150 cells.  Early expression in ABalp/ara, E and C"/>
<status case="archived"/>
</experiment>
