<?xml version='1.0' encoding='utf-8'?>

<experiment>
<series name="20100930_tbx-8_pal-1i_L1"/>
<date date="20101003"/>
<person name="jlrichar"/>
<strain name="RW10265"/>
<treatments desc="pal-1"/>
<redsig value="tbx-8"/>
<imageloc loc="/gpfs/fs0/u/jlrichar/images/20100930_tbx-8_pal-1i_L1"/>
<timepts num="260"/>
<annots loc="/gpfs/fs0/u/jlrichar/images/20100930_tbx-8_pal-1i_L1"/>
<acetree config="20100930_tbx-8_pal-1i_L1.xml"/>
<editedby name="JLR"/>
<editedtimepts num="140"/>
<editedcells num="360"/>
<checkedby name="n/a"/>
<comments text="n/a"/>
<status case="new"/>
</experiment>
