<?xml version='1.0' encoding='utf-8'?>

<experiment>
<series name="20101101_RW10174_pal-1_L2"/>
<date date="20101103"/>
<person name="jlrichar"/>
<strain name="RW10174"/>
<treatments desc="n/a"/>
<redsig value="n/a"/>
<imageloc loc="/gpfs/fs0/u/jlrichar/images/20101101_RW10174_pal-1_L2"/>
<timepts num="240"/>
<annots loc="/gpfs/fs0/u/jlrichar/images/20101101_RW10174_pal-1_L2"/>
<acetree config="20101101_RW10174_pal-1_L2.xml"/>
<editedby name="n/a"/>
<editedtimepts num="n/a"/>
<editedcells num="n/a"/>
<checkedby name="n/a"/>
<comments text="n/a"/>
<status case="new"/>
</experiment>
