<?xml version='1.0' encoding='utf-8'?>

<experiment>
<series name="20100903_fkh-4_skr-1i_L1"/>
<date date="20100904"/>
<person name="jlrichar"/>
<strain name="RW10914"/>
<treatments desc="skr-1i"/>
<redsig value="fkh-4"/>
<imageloc loc="/gpfs/fs0/u/jlrichar/images/20100903_fkh-4_skr-1i_L1"/>
<timepts num="260"/>
<annots loc="/gpfs/fs0/u/jlrichar/images/20100903_fkh-4_skr-1i_L1"/>
<acetree config="20100903_fkh-4_skr-1i_L1.xml"/>
<editedby name="JIM"/>
<editedtimepts num="80"/>
<editedcells num="100"/>
<checkedby name="n/a"/>
<comments text="n/a"/>
<status case="new"/>
</experiment>
