<?xml version='1.0' encoding='utf-8'?>

<experiment>
<series name="20100816_UP2081_mls-2_L1"/>
<date date="20100817"/>
<person name="jmurr"/>
<strain name="UP2081"/>
<treatments desc="none"/>
<redsig value="mls-2"/>
<imageloc loc="/gpfs/fs0/u/jmurr/images/20100816_UP2081_mls-2_L1"/>
<timepts num="256"/>
<annots loc="/gpfs/fs0/u/jmurr/images/20100816_UP2081_mls-2_L1"/>
<acetree config="20100816_UP2081_mls-2_L1.xml"/>
<editedby name="JIM"/>
<editedtimepts num="175"/>
<editedcells num="406"/>
<checkedby name="n/a"/>
<comments text="n/a"/>
<status case="new"/>
</experiment>
