<?xml version='1.0' encoding='utf-8'?>

<experiment>
<series name="20101217_RW10740_nhr-67_L4"/>
<date date="20101220"/>
<person name="jlrichar"/>
<strain name="n/a"/>
<treatments desc="n/a"/>
<redsig value="n/a"/>
<imageloc loc="/gpfs/fs0/u/jlrichar/images/20101217_RW10740_nhr-67_L4"/>
<timepts num="020"/>
<annots loc="/gpfs/fs0/u/jlrichar/images/20101217_RW10740_nhr-67_L4"/>
<acetree config="20101217_RW10740_nhr-67_L4.xml"/>
<editedby name="n/a"/>
<editedtimepts num="n/a"/>
<editedcells num="n/a"/>
<checkedby name="n/a"/>
<comments text="last 20 tp of L3"/>
<status case="deleted"/>
</experiment>
