<?xml version='1.0' encoding='utf-8'?>

<experiment>
<series name="20101212_RW10889_pal-1_L1"/>
<date date="20101213"/>
<person name="jlrichar"/>
<strain name="n/a"/>
<treatments desc="n/a"/>
<redsig value="n/a"/>
<imageloc loc="/gpfs/fs0/u/jlrichar/images/20101212_RW10889_pal-1_L1"/>
<timepts num="257"/>
<annots loc="/gpfs/fs0/u/jlrichar/images/20101212_RW10889_pal-1_L1"/>
<acetree config="20101212_RW10889_pal-1_L1.xml"/>
<editedby name="n/a"/>
<editedtimepts num="n/a"/>
<editedcells num="n/a"/>
<checkedby name="n/a"/>
<comments text="n/a"/>
<status case="new"/>
</experiment>
