<?xml version='1.0' encoding='utf-8'?>

<experiment>
<series name="20101020_RW10265_tbx-8_L2"/>
<date date="20101021"/>
<person name="jlrichar"/>
<strain name="RW10265"/>
<treatments desc="n/a"/>
<redsig value="n/a"/>
<imageloc loc="/gpfs/fs0/u/jlrichar/images/20101020_RW10265_tbx-8_L220110209"/>
<timepts num="200"/>
<annots loc="/gpfs/fs0/u/jlrichar/images/20101020_RW10265_tbx-8_L2"/>
<acetree config="20101020_RW10265_tbx-8_L2.xml"/>
<editedby name="n/a"/>
<editedtimepts num="90"/>
<editedcells num="116"/>
<checkedby name="n/a"/>
<comments text="n/a"/>
<status case="new"/>
</experiment>
