<?xml version='1.0' encoding='utf-8'?>

<experiment>
<series name="20101005_RW101757_alr-1_L2"/>
<date date="20101006"/>
<person name="jlrichar"/>
<strain name="n/a"/>
<treatments desc="n/a"/>
<redsig value="n/a"/>
<imageloc loc="/gpfs/fs0/u/jlrichar/images/20101005_RW101757_alr-1_L2"/>
<timepts num="258"/>
<annots loc="/gpfs/fs0/u/jlrichar/images/20101005_RW101757_alr-1_L2"/>
<acetree config="20101005_RW101757_alr-1_L2.xml"/>
<editedby name="n/a"/>
<editedtimepts num="n/a"/>
<editedcells num="n/a"/>
<checkedby name="n/a"/>
<comments text="n/a"/>
<status case="new"/>
</experiment>
