<?xml version='1.0' encoding='utf-8'?>

<experiment>
<series name="20101008_fkh-4_skn-1i_L1"/>
<date date="20101019"/>
<person name="twal"/>
<strain name="RW10914"/>
<treatments desc="skn-1i"/>
<redsig value="fkh-4"/>
<imageloc loc="/gpfs/fs0/u/twal/images/20101008_fkh-4_skn-1i_L1"/>
<timepts num="120"/>
<annots loc="/gpfs/fs0/u/twal/images/20101008_fkh-4_skn-1i_L1"/>
<acetree config="20101008_fkh-4_skn-1i_L1.xml"/>
<editedby name="JIM"/>
<editedtimepts num="120"/>
<editedcells num="97"/>
<checkedby name="n/a"/>
<comments text="n/a"/>
<status case="new"/>
</experiment>
