<?xml version='1.0' encoding='utf-8'?>

<experiment>
<series name="20100913_RW10594_nhr-171_L2"/>
<date date="20100920"/>
<person name="jlrichar"/>
<strain name="n/a"/>
<treatments desc="n/a"/>
<redsig value="n/a"/>
<imageloc loc="/gpfs/fs0/u/jlrichar/images/20100913_RW10594_nhr-171_L2"/>
<timepts num="260"/>
<annots loc="/gpfs/fs0/u/jlrichar/images/20100913_RW10594_nhr-171_L2"/>
<acetree config="20100913_RW10594_nhr-171_L2.xml"/>
<editedby name="n/a"/>
<editedtimepts num="n/a"/>
<editedcells num="n/a"/>
<checkedby name="n/a"/>
<comments text="starts at 12 cells"/>
<status case="deleted"/>
</experiment>
