<?xml version='1.0' encoding='utf-8'?>

<experiment>
<series name="20100810_RW10594_nhr-171_L1"/>
<date date="20100811"/>
<person name="jlrichar"/>
<strain name="n/a"/>
<treatments desc="n/a"/>
<redsig value="nhr-171"/>
<imageloc loc="/gpfs/fs0/u/jlrichar/images/20100810_RW10594_nhr-171_L1"/>
<timepts num="260"/>
<annots loc="/gpfs/fs0/u/jlrichar/images/20100810_RW10594_nhr-171_L1"/>
<acetree config="20100810_RW10594_nhr-171_L1.xml"/>
<editedby name="n/a"/>
<editedtimepts num="n/a"/>
<editedcells num="n/a"/>
<checkedby name="n/a"/>
<comments text="n/a"/>
<status case="deleted"/>
</experiment>
