<?xml version='1.0' encoding='utf-8'?>

<experiment>
<series name="20101230_JIM19_L1"/>
<date date="20110102"/>
<person name="twal"/>
<strain name="JIM19 tac-1(or455)"/>
<treatments desc="n/a"/>
<redsig value="n/a"/>
<imageloc loc="/gpfs/fs0/u/twal/images/20101230_JIM19_L1"/>
<timepts num="128"/>
<annots loc="/gpfs/fs0/u/twal/images/20101230_JIM19_L1"/>
<acetree config="20101230_JIM19_L1.xml"/>
<editedby name="JIM"/>
<editedtimepts num="80"/>
<editedcells num="59"/>
<checkedby name="n/a"/>
<comments text="n/a"/>
<status case="new"/>
</experiment>
