<?xml version='1.0' encoding='utf-8'?>

<experiment>
<series name="20100729_eor-1_L4"/>
<date date="20100802"/>
<person name="jmurr"/>
<strain name="RW10868"/>
<treatments desc="none"/>
<redsig value="eor-1"/>
<imageloc loc="/gpfs/fs0/u/jmurr/images/20100729_eor-1_L4"/>
<timepts num="261"/>
<annots loc="/gpfs/fs0/u/jmurr/images/20100729_eor-1_L4"/>
<acetree config="20100729_eor-1_L4.xml"/>
<editedby name="n/a"/>
<editedtimepts num="n/a"/>
<editedcells num="n/a"/>
<checkedby name="n/a"/>
<comments text="n/a"/>
<status case="deleted"/>
</experiment>
