<?xml version='1.0' encoding='utf-8'?>

<experiment>
<series name="20100827_RW10594_nhr-171_L2"/>
<date date="20100901"/>
<person name="jlrichar"/>
<strain name="RW10594"/>
<treatments desc="n/a"/>
<redsig value="n/a"/>
<imageloc loc="/gpfs/fs0/u/jlrichar/images/20100827_RW10594_nhr-171_L2"/>
<timepts num="180"/>
<annots loc="/gpfs/fs0/u/jlrichar/images/20100827_RW10594_nhr-171_L2"/>
<acetree config="20100827_RW10594_nhr-171_L2.xml"/>
<editedby name="n/a"/>
<editedtimepts num="n/a"/>
<editedcells num="n/a"/>
<checkedby name="n/a"/>
<comments text="n/a"/>
<status case="deleted"/>
</experiment>
