<?xml version='1.0' encoding='utf-8'?>

<experiment>
<series name="20100716_fkh-4_L3"/>
<date date="20100720"/>
<person name="jmurr"/>
<strain name="RW10914"/>
<treatments desc="none"/>
<redsig value="fkh-4"/>
<imageloc loc="/gpfs/fs0/u/jmurr/images/20100716_fkh-4_L3"/>
<timepts num="270"/>
<annots loc="/gpfs/fs0/u/jmurr/images/20100716_fkh-4_L3"/>
<acetree config="20100716_fkh-4_L3.xml"/>
<editedby name="JIM"/>
<editedtimepts num="150"/>
<editedcells num="384"/>
<checkedby name="n/a"/>
<comments text="snite good"/>
<status case="new"/>
</experiment>
