<?xml version='1.0' encoding='utf-8'?>

<experiment>
<series name="20100824_RW10598_ceh-36_L1"/>
<date date="20100825"/>
<person name="jlrichar"/>
<strain name="n/a"/>
<treatments desc="n/a"/>
<redsig value="n/a"/>
<imageloc loc="/gpfs/fs0/u/jlrichar/images/20100824_RW10598_ceh-36_L1"/>
<timepts num="258"/>
<annots loc="/gpfs/fs0/u/jlrichar/images/20100824_RW10598_ceh-36_L1"/>
<acetree config="20100824_RW10598_ceh-36_L1.xml"/>
<editedby name="JLR"/>
<editedtimepts num="100"/>
<editedcells num="n/a"/>
<checkedby name="n/a"/>
<comments text="n/a"/>
<status case="deleted"/>
</experiment>
