<?xml version='1.0' encoding='utf-8'?>

<experiment>
<series name="20100813_UP2053_ceh-36cherry_mls-2_L1"/>
<date date="20100817"/>
<person name="jmurr"/>
<strain name="UP2053"/>
<treatments desc="mls-2(cs71);26C"/>
<redsig value="ceh-36"/>
<imageloc loc="/gpfs/fs0/u/jmurr/images/20100813_UP2053_ceh-36cherry_mls-2_L1"/>
<timepts num="290"/>
<annots loc="/gpfs/fs0/u/jmurr/images/20100813_UP2053_ceh-36cherry_mls-2_L1"/>
<acetree config="20100813_UP2053_ceh-36cherry_mls-2_L1.xml"/>
<editedby name="JIM"/>
<editedtimepts num="70"/>
<editedcells num="93"/>
<checkedby name="n/a"/>
<comments text="n/a"/>
<status case="new"/>
</experiment>
