<?xml version='1.0' encoding='utf-8'?>

<experiment>
<series name="20110126_RW10890_pal-1_L3"/>
<date date="20110127"/>
<person name="jlrichar"/>
<strain name="n/a"/>
<treatments desc="n/a"/>
<redsig value="n/a"/>
<imageloc loc="/gpfs/fs0/u/jlrichar/images/20110126_RW10890_pal-1_L3"/>
<timepts num="268"/>
<annots loc="/gpfs/fs0/u/jlrichar/images/20110126_RW10890_pal-1_L3"/>
<acetree config="20110126_RW10890_pal-1_L3.xml"/>
<editedby name="JLR"/>
<editedtimepts num="n/a"/>
<editedcells num="n/a"/>
<checkedby name="n/a"/>
<comments text="repeated planes"/>
<status case="deleted"/>
</experiment>
