<?xml version='1.0' encoding='utf-8'?>

<experiment>
<series name="20110430_JIM68_L1"/>
<date date="20110502"/>
<person name="twal"/>
<strain name="JIM68"/>
<treatments desc="n/a"/>
<redsig value="fkh-4"/>
<imageloc loc="/gpfs/fs0/u/twal/images/20110430_JIM68_L1"/>
<timepts num="180"/>
<annots loc="/gpfs/fs0/u/twal/images/20110430_JIM68_L1"/>
<acetree config="20110430_JIM68_L1.xml"/>
<editedby name="???"/>
<editedtimepts num="???"/>
<editedcells num="???"/>
<checkedby name="???"/>
<comments text="REPAIRED DB FILE - CHECK"/>
<status case="new"/>
</experiment>
