<?xml version='1.0' encoding='utf-8'?>

<experiment>
<series name="20110407_RW10425_pha-4_L1"/>
<date date="20110407"/>
<person name="jlrichar"/>
<strain name="RW10425"/>
<treatments desc="none"/>
<redsig value="pha-4"/>
<imageloc loc="/gpfs/fs0/u/jlrichar/images/20110407_RW10425_pha-4_L1"/>
<timepts num="259"/>
<annots loc="/gpfs/fs0/u/jlrichar/images/20110407_RW10425_pha-4_L1"/>
<acetree config="20110407_RW10425_pha-4_L1.xml"/>
<editedby name="???"/>
<editedtimepts num="????"/>
<editedcells num="???"/>
<checkedby name="???"/>
<comments text="REPAIRED ZIPREPAIRED DB FILE - CHECK"/>
<status case="new"/>
</experiment>
