<?xml version='1.0' encoding='utf-8'?>

<experiment>
<series name="20110929_ceh-43_L4"/>
<date date="20110929"/>
<person name="murr"/>
<strain name="RW10345"/>
<treatments desc="none"/>
<redsig value="ceh-43"/>
<imageloc loc="/gpfs/fs0/l/murr/azach/images/20110929_ceh-43_L4"/>
<timepts num="240"/>
<annots loc="/gpfs/fs0/l/murr/azach/images/20110929_ceh-43_L4"/>
<acetree config="20110929_ceh-43_L4.xml"/>
<editedby name="ALZ"/>
<editedtimepts num="160"/>
<editedcells num="356"/>
<checkedby name="n/a"/>
<comments text="good DV"/>
<status case="new"/>
</experiment>
