<?xml version='1.0' encoding='utf-8'?>

<experiment>
<series name="20111212_JIM113_L2"/>
<date date="20111213"/>
<person name="jmurr"/>
<strain name="n/a"/>
<treatments desc="n/a"/>
<redsig value="n/a"/>
<imageloc loc="/gpfs/fs0/u/jmurr/images//20111212_JIM113_L2"/>
<timepts num="243"/>
<annots loc="/gpfs/fs0/u/jmurr/images//20111212_JIM113_L2"/>
<acetree config="20111212_JIM113_L2.xml"/>
<editedby name="n/a"/>
<editedtimepts num="n/a"/>
<editedcells num="n/a"/>
<checkedby name="n/a"/>
<comments text="12-cell start"/>
<status case="new"/>
</experiment>
