<?xml version='1.0' encoding='utf-8'?>

<experiment>
<series name="20111210_PM_tbx-11_L1"/>
<date date="20111211"/>
<person name="azach"/>
<strain name="RW10249"/>
<treatments desc="none"/>
<redsig value="n/a"/>
<imageloc loc="/gpfs/fs0/u/azach/images//20111210_PM_tbx-11_L1"/>
<timepts num="267"/>
<annots loc="/gpfs/fs0/u/azach/images//20111210_PM_tbx-11_L1"/>
<acetree config="20111210_PM_tbx-11_L1.xml"/>
<editedby name="ALZ"/>
<editedtimepts num="165"/>
<editedcells num="200"/>
<checkedby name="n/a"/>
<comments text="good pos"/>
<status case="new"/>
</experiment>
