<?xml version='1.0' encoding='utf-8'?>

<experiment>
<series name="20110530_mir228_26C_L4"/>
<date date="20110531"/>
<person name="jlrichar"/>
<strain name="JIMTEST"/>
<treatments desc="25.7C"/>
<redsig value="mir-228"/>
<imageloc loc="/gpfs/fs0/u/jlrichar/images/20110530_mir228_26C_L4"/>
<timepts num="256"/>
<annots loc="/gpfs/fs0/u/jlrichar/images/20110530_mir228_26C_L4"/>
<acetree config="20110530_mir228_26C_L4.xml"/>
<editedby name="JLR"/>
<editedtimepts num="212"/>
<editedcells num="600"/>
<checkedby name="190,ABalapaaaa:209,ABpra:195,MSa:212,C:195,D:205"/>
<comments text="test comment"/>
<status case="new"/>
</experiment>
