<?xml version='1.0' encoding='utf-8'?>

<experiment>
<series name="20110118_RW10226_L2"/>
<date date="20110121"/>
<person name="jmurr"/>
<strain name="RW10226"/>
<treatments desc="high imaging"/>
<redsig value="n/a"/>
<imageloc loc="/gpfs/fs0/u/jmurr/images/20110118_RW10226_L2"/>
<timepts num="260"/>
<annots loc="/gpfs/fs0/u/jmurr/images/20110118_RW10226_L2"/>
<acetree config="20110118_RW10226_L2.xml"/>
<editedby name="n/a"/>
<editedtimepts num="n/a"/>
<editedcells num="n/a"/>
<checkedby name="n/a"/>
<comments text="died from imaging"/>
<status case="new"/>
</experiment>
