<?xml version='1.0' encoding='utf-8'?>

<experiment>
<series name="20110305_JIM28_L2"/>
<date date="20110305"/>
<person name="twal"/>
<strain name="JIM28 par-4(it47)"/>
<treatments desc="25C overnight"/>
<redsig value="fkh-4"/>
<imageloc loc="/gpfs/fs0/u/twal/images/20110305_JIM28_L2"/>
<timepts num="180"/>
<annots loc="/gpfs/fs0/u/twal/images/20110305_JIM28_L2"/>
<acetree config="20110305_JIM28_L2.xml"/>
<editedby name="JIM"/>
<editedtimepts num="XXX40"/>
<editedcells num="50"/>
<checkedby name="n/a"/>
<comments text="REPLACED FROM t127 WITH UNEDITEDn/a"/>
<status case="new"/>
</experiment>
