<?xml version='1.0' encoding='utf-8'?>

<experiment>
<series name="20110201_RW10890_pal-1_L3"/>
<date date="20110202"/>
<person name="jlrichar"/>
<strain name="n/a"/>
<treatments desc="n/a"/>
<redsig value="n/a"/>
<imageloc loc="/gpfs/fs0/u/jlrichar/images/20110201_RW10890_pal-1_L3"/>
<timepts num="255"/>
<annots loc="/gpfs/fs0/u/jlrichar/images/20110201_RW10890_pal-1_L3"/>
<acetree config="20110201_RW10890_pal-1_L3.xml"/>
<editedby name="n/a"/>
<editedtimepts num="80"/>
<editedcells num="97"/>
<checkedby name="n/a"/>
<comments text="didn't hatch"/>
<status case="new"/>
</experiment>
