<?xml version='1.0' encoding='utf-8'?>

<experiment>
<series name="20110906_RW10349_lin-39_L1"/>
<date date="20110907"/>
<person name="jlrichar"/>
<strain name="RW10349"/>
<treatments desc="none"/>
<redsig value="lin-39"/>
<imageloc loc="/gpfs/fs0/u/jlrichar/images/20110906_RW10349_lin-39_L1"/>
<timepts num="253"/>
<annots loc="/gpfs/fs0/u/jlrichar/images/20110906_RW10349_lin-39_L1"/>
<acetree config="20110906_RW10349_lin-39_L1.xml"/>
<editedby name="JLR"/>
<editedtimepts num="135"/>
<editedcells num="374"/>
<checkedby name="n/a"/>
<comments text="n/a"/>
<status case="new"/>
</experiment>
