<?xml version='1.0' encoding='utf-8'?>

<experiment>
<series name="20110416_RW10714_L2"/>
<date date="20110417"/>
<person name="twal"/>
<strain name="RW10714"/>
<treatments desc="22C"/>
<redsig value="elt-2"/>
<imageloc loc="/gpfs/fs0/u/twal/images/20110416_RW10714_L2"/>
<timepts num="240"/>
<annots loc="/gpfs/fs0/u/twal/images/20110416_RW10714_L2"/>
<acetree config="20110416_RW10714_L2.xml"/>
<editedby name="JIM"/>
<editedtimepts num="115"/>
<editedcells num="192"/>
<checkedby name="n/a"/>
<comments text="n/a"/>
<status case="new"/>
</experiment>
