<?xml version='1.0' encoding='utf-8'?>

<experiment>
<series name="20110403_RW10914_cul-1i_L1"/>
<date date="20110406"/>
<person name="twal"/>
<strain name="RW10914"/>
<treatments desc="60 hrs cul-1 RNAi starting with L1s"/>
<redsig value="n/a"/>
<imageloc loc="/gpfs/fs0/u/twal/images/20110403_RW10914_cul-1i_L1"/>
<timepts num="180"/>
<annots loc="/gpfs/fs0/u/twal/images/20110403_RW10914_cul-1i_L1"/>
<acetree config="20110403_RW10914_cul-1i_L1.xml"/>
<editedby name="TW"/>
<editedtimepts num="100"/>
<editedcells num="100"/>
<checkedby name="n/a"/>
<comments text="n/a"/>
<status case="new"/>
</experiment>
