<?xml version='1.0' encoding='utf-8'?>

<experiment>
<series name="20110318_RW10889_pie-1i_L1"/>
<date date="20110319"/>
<person name="twal"/>
<strain name="RW10889"/>
<treatments desc="pie-1 RNAi"/>
<redsig value="pal-1"/>
<imageloc loc="/gpfs/fs0/u/twal/images/20110318_RW10889_pie-1i_L1"/>
<timepts num="120"/>
<annots loc="/gpfs/fs0/u/twal/images/20110318_RW10889_pie-1i_L1"/>
<acetree config="20110318_RW10889_pie-1i_L1.xml"/>
<editedby name="TW"/>
<editedtimepts num="120"/>
<editedcells num="225"/>
<checkedby name="n/a"/>
<comments text="n/a"/>
<status case="new"/>
</experiment>
