<?xml version='1.0' encoding='utf-8'?>

<experiment>
<series name="20110416_JIM58_L1"/>
<date date="20110416"/>
<person name="twal"/>
<strain name="JIM58 cks-1(ne549)"/>
<treatments desc="25*C overnight"/>
<redsig value="ref-2.a::mCherry"/>
<imageloc loc="/gpfs/fs0/u/twal/images/20110416_JIM58_L1"/>
<timepts num="205"/>
<annots loc="/gpfs/fs0/u/twal/images/20110416_JIM58_L1"/>
<acetree config="20110416_JIM58_L1.xml"/>
<editedby name="TW"/>
<editedtimepts num="100"/>
<editedcells num="n/a"/>
<checkedby name="n/a"/>
<comments text="really dim"/>
<status case="new"/>
</experiment>
