<?xml version='1.0' encoding='utf-8'?>

<experiment>
<series name="20111215_tbx-11_L3"/>
<date date="20111217"/>
<person name="azach"/>
<strain name="RW10249"/>
<treatments desc="none"/>
<redsig value="n/a"/>
<imageloc loc="/gpfs/fs0/u/azach/images//20111215_tbx-11_L3"/>
<timepts num="270"/>
<annots loc="/gpfs/fs0/u/azach/images//20111215_tbx-11_L3"/>
<acetree config="20111215_tbx-11_L3.xml"/>
<editedby name="ALZ"/>
<editedtimepts num="1"/>
<editedcells num="4"/>
<checkedby name="n/a"/>
<comments text="good pos"/>
<status case="new"/>
</experiment>
