<?xml version='1.0' encoding='utf-8'?>

<experiment>
<series name="20110702_RW10425_cbp-1i_L4"/>
<date date="20110703"/>
<person name="twal"/>
<strain name="RW10425"/>
<treatments desc="24 hrs cbp-1 RNAi, L4 start, but old RNAi plates"/>
<redsig value="PHA-4"/>
<imageloc loc="/gpfs/fs0/u/twal/images/20110702_RW10425_cbp-1i_L4"/>
<timepts num="270"/>
<annots loc="/gpfs/fs0/u/twal/images/20110702_RW10425_cbp-1i_L4"/>
<acetree config="20110702_RW10425_cbp-1i_L4.xml"/>
<editedby name="JIM"/>
<editedtimepts num="165"/>
<editedcells num="359"/>
<checkedby name="n/a"/>
<comments text="Early patterning normal but late patterning and division timing altered"/>
<status case="new"/>
</experiment>
