<?xml version='1.0' encoding='utf-8'?>

<experiment>
<series name="20110927_RW11222_hsceh-36_L5"/>
<date date="20110930"/>
<person name="jmurr"/>
<strain name="n/a"/>
<treatments desc="n/a"/>
<redsig value="n/a"/>
<imageloc loc="/gpfs/fs0/u/jmurr/images/20110927_RW11222_hsceh-36_L5"/>
<timepts num="050"/>
<annots loc="/gpfs/fs0/u/jmurr/images/20110927_RW11222_hsceh-36_L5"/>
<acetree config="20110927_RW11222_hsceh-36_L5.xml"/>
<editedby name="n/a"/>
<editedtimepts num="n/a"/>
<editedcells num="n/a"/>
<checkedby name="n/a"/>
<comments text="n/a"/>
<status case="new"/>
</experiment>
