<?xml version='1.0' encoding='utf-8'?>

<experiment>
<series name="20110810_egl-5_L3"/>
<date date="20110811"/>
<person name="murr"/>
<strain name="RW10867"/>
<treatments desc="n/a"/>
<redsig value="egl-5"/>
<imageloc loc="/gpfs/fs0/l/murr/azach/images/20110810_egl-5_L3"/>
<timepts num="261"/>
<annots loc="/gpfs/fs0/l/murr/azach/images/20110810_egl-5_L3"/>
<acetree config="20110810_egl-5_L3.xml"/>
<editedby name="ALZ"/>
<editedtimepts num="220"/>
<editedcells num="603"/>
<checkedby name="90,C:220,ABplpppp:220"/>
<comments text="n/a"/>
<status case="new"/>
</experiment>
