<?xml version='1.0' encoding='utf-8'?>

<experiment>
<series name="20110505_hlh-1_pal-1_L3"/>
<date date="20110506"/>
<person name="jlrichar"/>
<strain name="RW10481"/>
<treatments desc="pal-1i"/>
<redsig value="hlh-1"/>
<imageloc loc="/gpfs/fs0/u/jlrichar/images/20110505_hlh-1_pal-1_L3"/>
<timepts num="255"/>
<annots loc="/gpfs/fs0/u/jlrichar/images/20110505_hlh-1_pal-1_L3"/>
<acetree config="20110505_hlh-1_pal-1_L3.xml"/>
<editedby name="JLR"/>
<editedtimepts num="190"/>
<editedcells num="368"/>
<checkedby name="n/a"/>
<comments text="C to 190"/>
<status case="new"/>
</experiment>
