<?xml version='1.0' encoding='utf-8'?>

<experiment>
<series name="20110504_pal-1_30C_L2"/>
<date date="20110505"/>
<person name="jlrichar"/>
<strain name="RW10890"/>
<treatments desc="30C"/>
<redsig value="pal-1"/>
<imageloc loc="/gpfs/fs0/u/jlrichar/images/20110504_pal-1_30C_L2"/>
<timepts num="260"/>
<annots loc="/gpfs/fs0/u/jlrichar/images/20110504_pal-1_30C_L2"/>
<acetree config="20110504_pal-1_30C_L2.xml"/>
<editedby name="JLR"/>
<editedtimepts num="200"/>
<editedcells num="203"/>
<checkedby name="n/a"/>
<comments text="n/a"/>
<status case="new"/>
</experiment>
