<?xml version='1.0' encoding='utf-8'?>

<experiment>
<series name="20110922_ceh-36_pop-1i_L3"/>
<date date="20110922"/>
<person name="murr"/>
<strain name="RW10598"/>
<treatments desc="pop-1 RNAi"/>
<redsig value="ceh-36"/>
<imageloc loc="/gpfs/fs0/l/murr/azach/images/20110922_ceh-36_pop-1i_L3"/>
<timepts num="240"/>
<annots loc="/gpfs/fs0/l/murr/azach/images/20110922_ceh-36_pop-1i_L3"/>
<acetree config="20110922_ceh-36_pop-1i_L3.xml"/>
<editedby name="n/a"/>
<editedtimepts num="n/a"/>
<editedcells num="n/a"/>
<checkedby name="n/a"/>
<comments text="failed early division"/>
<status case="deleted"/>
</experiment>
