<?xml version='1.0' encoding='utf-8'?>

<experiment>
<series name="20110209_UP2051_mls-2_L4"/>
<date date="20110210"/>
<person name="jmurr"/>
<strain name="UP2081"/>
<treatments desc="none"/>
<redsig value="mls-2"/>
<imageloc loc="/gpfs/fs0/u/jmurr/images/20110209_UP2051_mls-2_L4"/>
<timepts num="255"/>
<annots loc="/gpfs/fs0/u/jmurr/images/20110209_UP2051_mls-2_L4"/>
<acetree config="20110209_UP2051_mls-2_L4.xml"/>
<editedby name="n/a"/>
<editedtimepts num="?n/a"/>
<editedcells num="n/a"/>
<checkedby name="n/a"/>
<comments text="REPAIRED ZIP24-cell start"/>
<status case="new"/>
</experiment>
