<?xml version='1.0' encoding='utf-8'?>

<experiment>
<series name="20110309_hnd-1_L1"/>
<date date="20110310"/>
<person name="jlrichar"/>
<strain name="n/a"/>
<treatments desc="none"/>
<redsig value="hnd-1"/>
<imageloc loc="/gpfs/fs0/u/jlrichar/images/20110309_hnd-1_L1"/>
<timepts num="260"/>
<annots loc="/gpfs/fs0/u/jlrichar/images/20110309_hnd-1_L1"/>
<acetree config="20110309_hnd-1_L1.xml"/>
<editedby name="n/a"/>
<editedtimepts num="?n/a"/>
<editedcells num="n/a"/>
<checkedby name="n/a"/>
<comments text="REPAIRED ZIPn/a"/>
<status case="new"/>
</experiment>
