<?xml version='1.0' encoding='utf-8'?>

<experiment>
<series name="20110819_egl-5_L1"/>
<date date="20110820"/>
<person name="murr"/>
<strain name="RW10867"/>
<treatments desc="n/a"/>
<redsig value="egl-5"/>
<imageloc loc="/gpfs/fs0/l/murr/azach/images/20110819_egl-5_L1"/>
<timepts num="265"/>
<annots loc="/gpfs/fs0/l/murr/azach/images/20110819_egl-5_L1"/>
<acetree config="20110819_egl-5_L1.xml"/>
<editedby name="ALZ"/>
<editedtimepts num="225"/>
<editedcells num="592"/>
<checkedby name="90,C:190,ABplpppp:225"/>
<comments text="good DV, no red?"/>
<status case="deleted"/>
</experiment>
