<?xml version='1.0' encoding='utf-8'?>

<experiment>
<series name="20110129_JIM30_L1"/>
<date date="20110202"/>
<person name="twal"/>
<strain name="JIM30 cdk-1(ne2257)"/>
<treatments desc="25*C overnight"/>
<redsig value="pha-4"/>
<imageloc loc="/gpfs/fs0/u/twal/images/20110129_JIM30_L1"/>
<timepts num="180"/>
<annots loc="/gpfs/fs0/u/twal/images/20110129_JIM30_L1"/>
<acetree config="20110129_JIM30_L1.xml"/>
<editedby name="TW"/>
<editedtimepts num="180"/>
<editedcells num="306"/>
<checkedby name="n/a"/>
<comments text="AB, MS pha-4 decision delay, E -> EMS, partial C->MS, counted"/>
<status case="new"/>
</experiment>
