<?xml version='1.0' encoding='utf-8'?>

<experiment>
<series name="20110613_ref-2_L3"/>
<date date="20110614"/>
<person name="murr"/>
<strain name="n/a"/>
<treatments desc="n/a"/>
<redsig value="n/a"/>
<imageloc loc="/gpfs/fs0/l/murr/azach/images/20110613_ref-2_L3"/>
<timepts num="267"/>
<annots loc="/gpfs/fs0/l/murr/azach/images/20110613_ref-2_L3"/>
<acetree config="20110613_ref-2_L3.xml"/>
<editedby name="ALZ"/>
<editedtimepts num="148"/>
<editedcells num="387"/>
<checkedby name="n/a"/>
<comments text="good orientation"/>
<status case="new"/>
</experiment>
