<?xml version='1.0' encoding='utf-8'?>

<experiment>
<series name="20110605_JIM29_L1"/>
<date date="20110605"/>
<person name="twal"/>
<strain name="JIM29 cdk-7(ax224)"/>
<treatments desc="grown at 15*C, imaged at 25*C, all embryos hatched"/>
<redsig value="fkh-4"/>
<imageloc loc="/gpfs/fs0/u/twal/images/20110605_JIM29_L1"/>
<timepts num="240"/>
<annots loc="/gpfs/fs0/u/twal/images/20110605_JIM29_L1"/>
<acetree config="20110605_JIM29_L1.xml"/>
<editedby name="TW"/>
<editedtimepts num="100"/>
<editedcells num="152"/>
<checkedby name="n/a"/>
<comments text="n/a"/>
<status case="new"/>
</experiment>
