<?xml version='1.0' encoding='utf-8'?>

<experiment>
<series name="20110928_elt-6_L1"/>
<date date="20110928"/>
<person name="murr"/>
<strain name="RFP lineaging"/>
<treatments desc="none"/>
<redsig value="RFP lineaging"/>
<imageloc loc="/gpfs/fs0/l/murr/azach/images/20110928_elt-6_L1"/>
<timepts num="241"/>
<annots loc="/gpfs/fs0/l/murr/azach/images/20110928_elt-6_L1"/>
<acetree config="20110928_elt-6_L1.xml"/>
<editedby name="n/a"/>
<editedtimepts num="n/a"/>
<editedcells num="n/a"/>
<checkedby name="n/a"/>
<comments text="n/a"/>
<status case="new"/>
</experiment>
