<?xml version='1.0' encoding='utf-8'?>

<experiment>
<series name="20110308_RW10594_nhr-171_L2"/>
<date date="20110309"/>
<person name="jlrichar"/>
<strain name="RW10594"/>
<treatments desc="none"/>
<redsig value="n/a"/>
<imageloc loc="/gpfs/fs0/u/jlrichar/images/20110308_RW10594_nhr-171_L2"/>
<timepts num="258"/>
<annots loc="/gpfs/fs0/u/jlrichar/images/20110308_RW10594_nhr-171_L2"/>
<acetree config="20110308_RW10594_nhr-171_L2.xml"/>
<editedby name="n/a"/>
<editedtimepts num="n/a"/>
<editedcells num="n/a"/>
<checkedby name="n/a"/>
<comments text="starts 12 cells"/>
<status case="deleted"/>
</experiment>
