<?xml version='1.0' encoding='utf-8'?>

<experiment>
<series name="20111026_ceh-27_pop-1i_L1"/>
<date date="20111026"/>
<person name="azach"/>
<strain name="RW10557"/>
<treatments desc="pop-1 RNAi"/>
<redsig value="n/a"/>
<imageloc loc="/gpfs/fs0/u/azach/images//20111026_ceh-27_pop-1i_L1"/>
<timepts num="241"/>
<annots loc="/gpfs/fs0/u/azach/images//20111026_ceh-27_pop-1i_L1"/>
<acetree config="20111026_ceh-27_pop-1i_L1.xml"/>
<editedby name="ALZ"/>
<editedtimepts num="200"/>
<editedcells num="330"/>
<checkedby name="n/a"/>
<comments text="pretty good RNAi, good pos"/>
<status case="new"/>
</experiment>
