<?xml version='1.0' encoding='utf-8'?>

<experiment>
<series name="20111113_PM_tbx-11_pop-1i_L2"/>
<date date="20111114"/>
<person name="azach"/>
<strain name="RW10249"/>
<treatments desc="pop-1 RNAi"/>
<redsig value="tbx-11"/>
<imageloc loc="/gpfs/fs0/u/azach/images//20111113_PM_tbx-11_pop-1i_L2"/>
<timepts num="264"/>
<annots loc="/gpfs/fs0/u/azach/images//20111113_PM_tbx-11_pop-1i_L2"/>
<acetree config="20111113_PM_tbx-11_pop-1i_L2.xml"/>
<editedby name="ALZ"/>
<editedtimepts num="205"/>
<editedcells num="340"/>
<checkedby name="n/a"/>
<comments text="pretty good RNAi, slight DV cutoff"/>
<status case="new"/>
</experiment>
