<?xml version='1.0' encoding='utf-8'?>

<experiment>
<series name="20111003_tlp-1_L4"/>
<date date="20111003"/>
<person name="murr"/>
<strain name="RW10609"/>
<treatments desc="none"/>
<redsig value="tlp-1"/>
<imageloc loc="/gpfs/fs0/l/murr/azach/images/20111003_tlp-1_L4"/>
<timepts num="241"/>
<annots loc="/gpfs/fs0/l/murr/azach/images/20111003_tlp-1_L4"/>
<acetree config="20111003_tlp-1_L4.xml"/>
<editedby name="ALZ"/>
<editedtimepts num="175"/>
<editedcells num="360"/>
<checkedby name="n/a"/>
<comments text="good pos"/>
<status case="new"/>
</experiment>
