<?xml version='1.0' encoding='utf-8'?>

<experiment>
<series name="20110731_RW10434_L3"/>
<date date="20110801"/>
<person name="twal"/>
<strain name="RW10434"/>
<treatments desc="n/a"/>
<redsig value="cnd-1"/>
<imageloc loc="/gpfs/fs0/u/twal/images/20110731_RW10434_L3"/>
<timepts num="270"/>
<annots loc="/gpfs/fs0/u/twal/images/20110731_RW10434_L3"/>
<acetree config="20110731_RW10434_L3.xml"/>
<editedby name="n/a"/>
<editedtimepts num="?n/a"/>
<editedcells num="n/a"/>
<checkedby name="n/a"/>
<comments text="REPAIRED ZIPn/a"/>
<status case="new"/>
</experiment>
