<?xml version='1.0' encoding='utf-8'?>

<experiment>
<series name="20110720a_pes-1_pop-1i_L4"/>
<date date="20110722"/>
<person name="murr"/>
<strain name="RW10765"/>
<treatments desc="n/a"/>
<redsig value="n/a"/>
<imageloc loc="/gpfs/fs0/l/murr/azach/images/20110720a_pes-1_pop-1i_L4"/>
<timepts num="122"/>
<annots loc="/gpfs/fs0/l/murr/azach/images/20110720a_pes-1_pop-1i_L4"/>
<acetree config="20110720a_pes-1_pop-1i_L4.xml"/>
<editedby name="n/a"/>
<editedtimepts num="n/a"/>
<editedcells num="n/a"/>
<checkedby name="n/a"/>
<comments text="12 cell at start"/>
<status case="deleted"/>
</experiment>
