<?xml version='1.0' encoding='utf-8'?>

<experiment>
<series name="20110912_JIM42_L2"/>
<date date="20110915"/>
<person name="jmurr"/>
<strain name="n/a"/>
<treatments desc="n/a"/>
<redsig value="n/a"/>
<imageloc loc="/gpfs/fs0/u/jmurr/images/20110912_JIM42_L2"/>
<timepts num="046"/>
<annots loc="/gpfs/fs0/u/jmurr/images/20110912_JIM42_L2"/>
<acetree config="20110912_JIM42_L2.xml"/>
<editedby name="JIM"/>
<editedtimepts num="45"/>
<editedcells num="50"/>
<checkedby name="n/a"/>
<comments text="n/a"/>
<status case="new"/>
</experiment>
