<?xml version='1.0' encoding='utf-8'?>

<experiment>
<series name="20110917_tbx-11_pop-1i_L1"/>
<date date="20110917"/>
<person name="murr"/>
<strain name="RW10249"/>
<treatments desc="pop-1 RNAi"/>
<redsig value="tbx-11"/>
<imageloc loc="/gpfs/fs0/l/murr/azach/images/20110917_tbx-11_pop-1i_L1"/>
<timepts num="242"/>
<annots loc="/gpfs/fs0/l/murr/azach/images/20110917_tbx-11_pop-1i_L1"/>
<acetree config="20110917_tbx-11_pop-1i_L1.xml"/>
<editedby name="JLR/ALZ"/>
<editedtimepts num="180"/>
<editedcells num="345"/>
<checkedby name="n/a"/>
<comments text="REPAIRED ZIPp good DV, okay RNAi"/>
<status case="new"/>
</experiment>
