<?xml version='1.0' encoding='utf-8'?>

<experiment>
<series name="20110922_PM_ceh-36_pop-1i_L2"/>
<date date="20110923"/>
<person name="murr"/>
<strain name="RW10598"/>
<treatments desc="pop-1 RNAi"/>
<redsig value="ceh-36"/>
<imageloc loc="/gpfs/fs0/l/murr/azach/images/20110922_PM_ceh-36_pop-1i_L2"/>
<timepts num="267"/>
<annots loc="/gpfs/fs0/l/murr/azach/images/20110922_PM_ceh-36_pop-1i_L2"/>
<acetree config="20110922_PM_ceh-36_pop-1i_L2.xml"/>
<editedby name="ALZ"/>
<editedtimepts num="3"/>
<editedcells num="4"/>
<checkedby name="n/a"/>
<comments text="okay RNAi, great DV"/>
<status case="deleted"/>
</experiment>
