<?xml version='1.0' encoding='utf-8'?>

<experiment>
<series name="20110519_pal-1_26C_L2"/>
<date date="20110520"/>
<person name="jlrichar"/>
<strain name="RW10890"/>
<treatments desc="25.7C"/>
<redsig value="pal-1"/>
<imageloc loc="/gpfs/fs0/u/jlrichar/images/20110519_pal-1_26C_L2"/>
<timepts num="259"/>
<annots loc="/gpfs/fs0/u/jlrichar/images/20110519_pal-1_26C_L2"/>
<acetree config="20110519_pal-1_26C_L2.xml"/>
<editedby name="210,ABplpa:210,ABplpp:230,ABala:240,ABara:230,MSa:220,MSp:236,P2:240,E:220"/>
<editedtimepts num="240"/>
<editedcells num="525"/>
<checkedby name="210,ABplpa:210,ABplpp:230,ABala:240,ABara:230,MSa:220,MSp:236,P2:240,E:220"/>
<comments text="didn't hatch"/>
<status case="new"/>
</experiment>
