<?xml version='1.0' encoding='utf-8'?>

<experiment>
<series name="20110912_JIM44_L2"/>
<date date="20110916"/>
<person name="jmurr"/>
<strain name="n/a"/>
<treatments desc="n/a"/>
<redsig value="n/a"/>
<imageloc loc="/gpfs/fs0/u/jmurr/images/20110912_JIM44_L2"/>
<timepts num="094"/>
<annots loc="/gpfs/fs0/u/jmurr/images/20110912_JIM44_L2"/>
<acetree config="20110912_JIM44_L2.xml"/>
<editedby name="n/a"/>
<editedtimepts num="n/a"/>
<editedcells num="n/a"/>
<checkedby name="n/a"/>
<comments text="n/a"/>
<status case="new"/>
</experiment>
