<?xml version='1.0' encoding='utf-8'?>

<experiment>
<series name="20110817_egl-5_pop-1i_L4"/>
<date date="20110818"/>
<person name="murr"/>
<strain name="RW10867"/>
<treatments desc="pop-1 RNAi"/>
<redsig value="n/a"/>
<imageloc loc="/gpfs/fs0/l/murr/azach/images/20110817_egl-5_pop-1i_L4"/>
<timepts num="261"/>
<annots loc="/gpfs/fs0/l/murr/azach/images/20110817_egl-5_pop-1i_L4"/>
<acetree config="20110817_egl-5_pop-1i_L4.xml"/>
<editedby name="ALZ"/>
<editedtimepts num="20"/>
<editedcells num="25"/>
<checkedby name="n/a"/>
<comments text="cutoff, v poor RNAi"/>
<status case="deleted"/>
</experiment>
