<?xml version='1.0' encoding='utf-8'?>

<experiment>
<series name="20111216_nob-1_L2"/>
<date date="20111219"/>
<person name="azach"/>
<strain name="n/a"/>
<treatments desc="n/a"/>
<redsig value="n/a"/>
<imageloc loc="/gpfs/fs0/u/azach/images//20111216_nob-1_L2"/>
<timepts num="240"/>
<annots loc="/gpfs/fs0/u/azach/images//20111216_nob-1_L2"/>
<acetree config="20111216_nob-1_L2.xml"/>
<editedby name="n/a"/>
<editedtimepts num="1"/>
<editedcells num="6"/>
<checkedby name="n/a"/>
<comments text="good pos, PDR"/>
<status case="new"/>
</experiment>
