<?xml version='1.0' encoding='utf-8'?>

<experiment>
<series name="20110203_RW10890_pal-1_L2"/>
<date date="20110204"/>
<person name="jlrichar"/>
<strain name="RW10890"/>
<treatments desc="none"/>
<redsig value="pal-1"/>
<imageloc loc="/gpfs/fs0/u/jlrichar/images/20110203_RW10890_pal-1_L2"/>
<timepts num="255"/>
<annots loc="/gpfs/fs0/u/jlrichar/images/20110203_RW10890_pal-1_L2"/>
<acetree config="20110203_RW10890_pal-1_L2.xml"/>
<editedby name="n/a"/>
<editedtimepts num="n/a"/>
<editedcells num="n/a"/>
<checkedby name="n/a"/>
<comments text="starts ~12 cell"/>
<status case="new"/>
</experiment>
