<?xml version='1.0' encoding='utf-8'?>

<experiment>
<series name="20110610_JIM30_div-1i_L2"/>
<date date="20110610"/>
<person name="twal"/>
<strain name="JIM30 cdk-1(ne2257)"/>
<treatments desc="24 hrs div-1 RNAi, 25*C overnight"/>
<redsig value="pha-4"/>
<imageloc loc="/gpfs/fs0/u/twal/images/20110610_JIM30_div-1i_L2"/>
<timepts num="240"/>
<annots loc="/gpfs/fs0/u/twal/images/20110610_JIM30_div-1i_L2"/>
<acetree config="20110610_JIM30_div-1i_L2.xml"/>
<editedby name="n/a"/>
<editedtimepts num="n/a"/>
<editedcells num="n/a"/>
<checkedby name="n/a"/>
<comments text="config file not found"/>
<status case="new"/>
</experiment>
