<?xml version='1.0' encoding='utf-8'?>

<experiment>
<series name="20110821_egl-5_L4"/>
<date date="20110822"/>
<person name="murr"/>
<strain name="RW01867"/>
<treatments desc="n/a"/>
<redsig value="n/a"/>
<imageloc loc="/gpfs/fs0/l/murr/azach/images/20110821_egl-5_L4"/>
<timepts num="270"/>
<annots loc="/gpfs/fs0/l/murr/azach/images/20110821_egl-5_L4"/>
<acetree config="20110821_egl-5_L4.xml"/>
<editedby name="n/a"/>
<editedtimepts num="n/a"/>
<editedcells num="n/a"/>
<checkedby name="n/a"/>
<comments text="13 cell"/>
<status case="deleted"/>
</experiment>
