<?xml version='1.0' encoding='utf-8'?>

<experiment>
<series name="20110505_JIM67_L2"/>
<date date="20110505"/>
<person name="twal"/>
<strain name="JIM67 div-1(or148)"/>
<treatments desc="25*C overnight"/>
<redsig value="pha-4"/>
<imageloc loc="/gpfs/fs0/u/twal/images/20110505_JIM67_L2"/>
<timepts num="240"/>
<annots loc="/gpfs/fs0/u/twal/images/20110505_JIM67_L2"/>
<acetree config="20110505_JIM67_L2.xml"/>
<editedby name="TW"/>
<editedtimepts num="200"/>
<editedcells num="126"/>
<checkedby name="n/a"/>
<comments text="a lot of failed divisions. In MSa, E (MS->MSx?) asynch. Also in ABpra, ara, ala, alpa"/>
<status case="new"/>
</experiment>
