<?xml version='1.0' encoding='utf-8'?>

<experiment>
<series name="20110523_mir-231_26c_L3"/>
<date date="20110524"/>
<person name="jlrichar"/>
<strain name="JIM081"/>
<treatments desc="25.7C"/>
<redsig value="mir-231"/>
<imageloc loc="/gpfs/fs0/u/jlrichar/images/20110523_mir-231_26c_L3"/>
<timepts num="270"/>
<annots loc="/gpfs/fs0/u/jlrichar/images/20110523_mir-231_26c_L3"/>
<acetree config="20110523_mir-231_26c_L3.xml"/>
<editedby name="JLR"/>
<editedtimepts num="170"/>
<editedcells num="367"/>
<checkedby name="n/a"/>
<comments text="switch E and MS"/>
<status case="new"/>
</experiment>
