<?xml version='1.0' encoding='utf-8'?>

<experiment>
<series name="20110812_mab-5_L1"/>
<date date="20110812"/>
<person name="murr"/>
<strain name="RW10350"/>
<treatments desc="n/a"/>
<redsig value="lin-39 actually"/>
<imageloc loc="/gpfs/fs0/l/murr/azach/images/20110812_mab-5_L1"/>
<timepts num="242"/>
<annots loc="/gpfs/fs0/l/murr/azach/images/20110812_mab-5_L1"/>
<acetree config="20110812_mab-5_L1.xml"/>
<editedby name="100,C:180,MS:160"/>
<editedtimepts num="180"/>
<editedcells num="176"/>
<checkedby name="100,C:180,MS:160"/>
<comments text="pretty good"/>
<status case="new"/>
</experiment>
