<?xml version='1.0' encoding='utf-8'?>

<experiment>
<series name="20110820_egl-5_pop-1i_L3"/>
<date date="20110820"/>
<person name="murr"/>
<strain name="RW10867"/>
<treatments desc="pop-1 RNAi"/>
<redsig value="n/a"/>
<imageloc loc="/gpfs/fs0/l/murr/azach/images/20110820_egl-5_pop-1i_L3"/>
<timepts num="201"/>
<annots loc="/gpfs/fs0/l/murr/azach/images/20110820_egl-5_pop-1i_L3"/>
<acetree config="20110820_egl-5_pop-1i_L3.xml"/>
<editedby name="ALZ"/>
<editedtimepts num="16"/>
<editedcells num="8"/>
<checkedby name="n/a"/>
<comments text="good RNA, DV cutoff"/>
<status case="deleted"/>
</experiment>
