<?xml version='1.0' encoding='utf-8'?>

<experiment>
<series name="20110511_pha-4_25C_L4"/>
<date date="20110512"/>
<person name="jlrichar"/>
<strain name="n/a"/>
<treatments desc="n/a"/>
<redsig value="n/a"/>
<imageloc loc="/gpfs/fs0/u/jlrichar/images/20110511_pha-4_25C_L4"/>
<timepts num="257"/>
<annots loc="/gpfs/fs0/u/jlrichar/images/20110511_pha-4_25C_L4"/>
<acetree config="20110511_pha-4_25C_L4.xml"/>
<editedby name="n/a"/>
<editedtimepts num="n/a"/>
<editedcells num="n/a"/>
<checkedby name="n/a"/>
<comments text="error"/>
<status case="deleted"/>
</experiment>
