<?xml version='1.0' encoding='utf-8'?>

<experiment>
<series name="20110505_JIM67_L1"/>
<date date="20110505"/>
<person name="twal"/>
<strain name="JIM67 div-1(or148)"/>
<treatments desc="25*C overnight"/>
<redsig value="pha-4"/>
<imageloc loc="/gpfs/fs0/u/twal/images/20110505_JIM67_L1"/>
<timepts num="240"/>
<annots loc="/gpfs/fs0/u/twal/images/20110505_JIM67_L1"/>
<acetree config="20110505_JIM67_L1.xml"/>
<editedby name="n/a"/>
<editedtimepts num="n/a"/>
<editedcells num="n/a"/>
<checkedby name="n/a"/>
<comments text="config not found"/>
<status case="new"/>
</experiment>
