<?xml version='1.0' encoding='utf-8'?>

<experiment>
<series name="20120627_JIM121_L4"/>
<date date="20120705"/>
<person name="azach"/>
<strain name="JIM121"/>
<treatments desc="div-1(or148)"/>
<redsig value="cnd-1"/>
<imageloc loc="/gpfs/fs0/u/azach/images//20120627_JIM121_L4"/>
<timepts num="240"/>
<annots loc="/gpfs/fs0/u/azach/images//20120627_JIM121_L4"/>
<acetree config="20120627_JIM121_L4.xml"/>
<editedby name="TW"/>
<editedtimepts num="n/a"/>
<editedcells num="n/a"/>
<checkedby name="n/a"/>
<comments text="E and MS fates are switched although correct division axis"/>
<status case="new"/>
</experiment>
