<?xml version='1.0' encoding='utf-8'?>

<experiment>
<series name="20120621_end-3_pop-1i_L4"/>
<date date="20120625"/>
<person name="azach"/>
<strain name="n/a"/>
<treatments desc="n/a"/>
<redsig value="end-3"/>
<imageloc loc="/gpfs/fs0/u/azach/images//20120621_end-3_pop-1i_L4"/>
<timepts num="210"/>
<annots loc="/gpfs/fs0/u/azach/images//20120621_end-3_pop-1i_L4"/>
<acetree config="20120621_end-3_pop-1i_L4.xml"/>
<editedby name="100,EMS:150"/>
<editedtimepts num="150"/>
<editedcells num="168"/>
<checkedby name="100,EMS:150"/>
<comments text="n/a"/>
<status case="new"/>
</experiment>
