<?xml version='1.0' encoding='utf-8'?>

<experiment>
<series name="20120504_ceh-36_zu189_L4"/>
<date date="20120512"/>
<person name="twal"/>
<strain name="n/aa"/>
<treatments desc="n/a"/>
<redsig value="n/a"/>
<imageloc loc="/gpfs/fs0/u/twal/images//20120504_ceh-36_zu189_L4"/>
<timepts num="265"/>
<annots loc="/gpfs/fs0/u/twal/images//20120504_ceh-36_zu189_L4"/>
<acetree config="20120504_ceh-36_zu189_L4.xml"/>
<editedby name="n/a"/>
<editedtimepts num="n/a"/>
<editedcells num="n/a"/>
<checkedby name="n/a"/>
<comments text="delete"/>
<status case="deleted"/>
</experiment>
