<?xml version='1.0' encoding='utf-8'?>

<experiment>
<series name="20120126_poptop_L1"/>
<date date="20120127"/>
<person name="azach"/>
<strain name="JIM115"/>
<treatments desc="none"/>
<redsig value="n/a"/>
<imageloc loc="/gpfs/fs0/u/azach/images//20120126_poptop_L1"/>
<timepts num="269"/>
<annots loc="/gpfs/fs0/u/azach/images//20120126_poptop_L1"/>
<acetree config="20120126_poptop_L1.xml"/>
<editedby name="ALZ"/>
<editedtimepts num="190"/>
<editedcells num="350"/>
<checkedby name="180,C:190"/>
<comments text="n/a"/>
<status case="new"/>
</experiment>
