<?xml version='1.0' encoding='utf-8'?>

<experiment>
<series name="20120916_JIM142_HSelt-1_L1"/>
<date date="20120917"/>
<person name="azach"/>
<strain name="JIM142"/>
<treatments desc="36C 5m"/>
<redsig value="HS::elt-1"/>
<imageloc loc="/gpfs/fs0/u/azach/images//20120916_JIM142_HSelt-1_L1"/>
<timepts num="270"/>
<annots loc="/gpfs/fs0/u/azach/images//20120916_JIM142_HSelt-1_L1"/>
<acetree config="20120916_JIM142_HSelt-1_L1.xml"/>
<editedby name="eliciap"/>
<editedtimepts num="n/a"/>
<editedcells num="n/a"/>
<checkedby name="n/a"/>
<comments text="morphogenesis failure"/>
<status case="new"/>
</experiment>
