<?xml version='1.0' encoding='utf-8'?>

<experiment>
<series name="20120827_unc-130_L2"/>
<date date="20120828"/>
<person name="azach"/>
<strain name="JIM145"/>
<treatments desc="none"/>
<redsig value="unc-130"/>
<imageloc loc="/gpfs/fs0/u/azach/images//20120827_unc-130_L2"/>
<timepts num="263"/>
<annots loc="/gpfs/fs0/u/azach/images//20120827_unc-130_L2"/>
<acetree config="20120827_unc-130_L2.xml"/>
<editedby name="ALZ"/>
<editedtimepts num="180"/>
<editedcells num="385"/>
<checkedby name="135,ABalpapp:180,ABarappp:180,ABarpapp:180,ABarpppp:180,ABplaa:180,D:155,Daa:180,Dap180"/>
<comments text="n/a"/>
<status case="new"/>
</experiment>
