<?xml version='1.0' encoding='utf-8'?>

<experiment>
<series name="20120306_ceh-13_pop-1i_L2"/>
<date date="20120307"/>
<person name="azach"/>
<strain name="JIM118"/>
<treatments desc="n/a"/>
<redsig value="n/a"/>
<imageloc loc="/gpfs/fs0/u/azach/images//20120306_ceh-13_pop-1i_L2"/>
<timepts num="259"/>
<annots loc="/gpfs/fs0/u/azach/images//20120306_ceh-13_pop-1i_L2"/>
<acetree config="20120306_ceh-13_pop-1i_L2.xml"/>
<editedby name="ALZ"/>
<editedtimepts num="144"/>
<editedcells num="346"/>
<checkedby name="n/a"/>
<comments text="good RNAi, good pos"/>
<status case="new"/>
</experiment>
