<?xml version='1.0' encoding='utf-8'?>

<experiment>
<series name="20120406_eco-1_L2"/>
<date date="20120407"/>
<person name="azach"/>
<strain name="IX5111"/>
<treatments desc="none"/>
<redsig value="eco-1"/>
<imageloc loc="/gpfs/fs0/u/azach/images//20120406_eco-1_L2"/>
<timepts num="261"/>
<annots loc="/gpfs/fs0/u/azach/images//20120406_eco-1_L2"/>
<acetree config="20120406_eco-1_L2.xml"/>
<editedby name="ALZ"/>
<editedtimepts num="110"/>
<editedcells num="192"/>
<checkedby name="n/a"/>
<comments text="n/a"/>
<status case="new"/>
</experiment>
