<?xml version='1.0' encoding='utf-8'?>

<experiment>
<series name="20120609_PM_ceh-13_unc-37i_L3"/>
<date date="20120612"/>
<person name="azach"/>
<strain name="n/a"/>
<treatments desc="n/a"/>
<redsig value="n/a"/>
<imageloc loc="/gpfs/fs0/u/azach/images//20120609_PM_ceh-13_unc-37i_L3"/>
<timepts num="259"/>
<annots loc="/gpfs/fs0/u/azach/images//20120609_PM_ceh-13_unc-37i_L3"/>
<acetree config="20120609_PM_ceh-13_unc-37i_L3.xml"/>
<editedby name="ALZ"/>
<editedtimepts num="100"/>
<editedcells num="192"/>
<checkedby name="n/a"/>
<comments text="n/a"/>
<status case="new"/>
</experiment>
