<?xml version='1.0' encoding='utf-8'?>

<experiment>
<series name="20120902_unc-130_L3"/>
<date date="20120904"/>
<person name="azach"/>
<strain name="JIM145"/>
<treatments desc="none"/>
<redsig value="unc-130"/>
<imageloc loc="/gpfs/fs0/u/azach/images//20120902_unc-130_L3"/>
<timepts num="270"/>
<annots loc="/gpfs/fs0/u/azach/images//20120902_unc-130_L3"/>
<acetree config="20120902_unc-130_L3.xml"/>
<editedby name="n/a"/>
<editedtimepts num="50"/>
<editedcells num="50"/>
<checkedby name="n/a"/>
<comments text="n/a"/>
<status case="new"/>
</experiment>
