<?xml version='1.0' encoding='utf-8'?>

<experiment>
<series name="20120113_elt-6_pop-1i_L4"/>
<date date="20120126"/>
<person name="azach"/>
<strain name="b"/>
<treatments desc="n/a"/>
<redsig value="n/a"/>
<imageloc loc="/gpfs/fs0/u/azach/images//20120113_elt-6_pop-1i_L4"/>
<timepts num="241"/>
<annots loc="/gpfs/fs0/u/azach/images//20120113_elt-6_pop-1i_L4"/>
<acetree config="20120113_elt-6_pop-1i_L4.xml"/>
<editedby name="n/a"/>
<editedtimepts num="n/a"/>
<editedcells num="n/a"/>
<checkedby name="n/a"/>
<comments text="n/a"/>
<status case="deleted"/>
</experiment>
