<?xml version='1.0' encoding='utf-8'?>

<experiment>
<series name="20120426_JIM122_L1"/>
<date date="20120427"/>
<person name="twal"/>
<strain name="JIM122"/>
<treatments desc="n/a"/>
<redsig value="ceh-26"/>
<imageloc loc="/gpfs/fs0/u/twal/images//20120426_JIM122_L1"/>
<timepts num="260"/>
<annots loc="/gpfs/fs0/u/twal/images//20120426_JIM122_L1"/>
<acetree config="20120426_JIM122_L1.xml"/>
<editedby name="n/a"/>
<editedtimepts num="n/a"/>
<editedcells num="n/a"/>
<checkedby name="n/a"/>
<comments text="n/a"/>
<status case="new"/>
</experiment>
