<?xml version='1.0' encoding='utf-8'?>

<experiment>
<series name="20120203_GG19RW10064_L2"/>
<date date="20120203"/>
<person name="twal"/>
<strain name="n/aa"/>
<treatments desc="n/a"/>
<redsig value="n/a"/>
<imageloc loc="/gpfs/fs0/u/twal/images//20120203_GG19RW10064_L2"/>
<timepts num="241"/>
<annots loc="/gpfs/fs0/u/twal/images//20120203_GG19RW10064_L2"/>
<acetree config="20120203_GG19RW10064_L2.xml"/>
<editedby name="n/a"/>
<editedtimepts num="n/a"/>
<editedcells num="n/a"/>
<checkedby name="n/a"/>
<comments text="delete"/>
<status case="deleted"/>
</experiment>
