<?xml version='1.0' encoding='utf-8'?>

<experiment>
<series name="20120817_ceh-6_L4"/>
<date date="20120821"/>
<person name="azach"/>
<strain name="RW10871"/>
<treatments desc="none"/>
<redsig value="ceh-6"/>
<imageloc loc="/gpfs/fs0/u/azach/images//20120817_ceh-6_L4"/>
<timepts num="264"/>
<annots loc="/gpfs/fs0/u/azach/images//20120817_ceh-6_L4"/>
<acetree config="20120817_ceh-6_L4.xml"/>
<editedby name="n/a"/>
<editedtimepts num="70"/>
<editedcells num="51"/>
<checkedby name="n/a"/>
<comments text="n/a"/>
<status case="new"/>
</experiment>
