<?xml version='1.0' encoding='utf-8'?>

<experiment>
<series name="20120713_JIM136_L4"/>
<date date="20120715"/>
<person name="azach"/>
<strain name="JIM136"/>
<treatments desc="n/a"/>
<redsig value="ceh-36"/>
<imageloc loc="/gpfs/fs0/u/azach/images//20120713_JIM136_L4"/>
<timepts num="266"/>
<annots loc="/gpfs/fs0/u/azach/images//20120713_JIM136_L4"/>
<acetree config="20120713_JIM136_L4.xml"/>
<editedby name="TW"/>
<editedtimepts num="140"/>
<editedcells num="369"/>
<checkedby name="n/a"/>
<comments text="skipping"/>
<status case="new"/>
</experiment>
