<?xml version='1.0' encoding='utf-8'?>

<experiment>
<series name="20120913_ceh-6_L1"/>
<date date="20120914"/>
<person name="azach"/>
<strain name="n/a"/>
<treatments desc="n/a"/>
<redsig value="n/a"/>
<imageloc loc="/gpfs/fs0/u/azach/images//20120913_ceh-6_L1"/>
<timepts num="265"/>
<annots loc="/gpfs/fs0/u/azach/images//20120913_ceh-6_L1"/>
<acetree config="20120913_ceh-6_L1.xml"/>
<editedby name="ALZ"/>
<editedtimepts num="80"/>
<editedcells num="106"/>
<checkedby name="n/a"/>
<comments text="n/a"/>
<status case="new"/>
</experiment>
