<?xml version='1.0' encoding='utf-8'?>

<experiment>
<series name="20120420_RW10481_L2"/>
<date date="20120422"/>
<person name="twal"/>
<strain name="RW10434"/>
<treatments desc="n/a"/>
<redsig value="cnd-1"/>
<imageloc loc="/gpfs/fs0/u/twal/images//20120420_RW10481_L2"/>
<timepts num="264"/>
<annots loc="/gpfs/fs0/u/twal/images//20120420_RW10481_L2"/>
<acetree config="20120420_RW10481_L2.xml"/>
<editedby name="n/a"/>
<editedtimepts num="n/a"/>
<editedcells num="n/a"/>
<checkedby name="n/a"/>
<comments text="n/a"/>
<status case="new"/>
</experiment>
