<?xml version='1.0' encoding='utf-8'?>

<experiment>
<series name="20120305_ceh-13_L1"/>
<date date="20120306"/>
<person name="azach"/>
<strain name="JIM118"/>
<treatments desc="n/a"/>
<redsig value="n/a"/>
<imageloc loc="/gpfs/fs0/u/azach/images//20120305_ceh-13_L1"/>
<timepts num="249"/>
<annots loc="/gpfs/fs0/u/azach/images//20120305_ceh-13_L1"/>
<acetree config="20120305_ceh-13_L1.xml"/>
<editedby name="ALZ"/>
<editedtimepts num="160"/>
<editedcells num="189"/>
<checkedby name="137,ABarpp:160,ABplap:160,ABplpp:160,ABprpp:160,ABprap:160,P3:160,Caa:160,Cpa:160,MSaapp:160,MSpapp:160"/>
<comments text="n/a"/>
<status case="new"/>
</experiment>
