<?xml version='1.0' encoding='utf-8'?>

<experiment>
<series name="20120402_nsy-5_L3"/>
<date date="20120403"/>
<person name="azach"/>
<strain name="IX2714"/>
<treatments desc="none"/>
<redsig value="nsy-5"/>
<imageloc loc="/gpfs/fs0/u/azach/images//20120402_nsy-5_L3"/>
<timepts num="264"/>
<annots loc="/gpfs/fs0/u/azach/images//20120402_nsy-5_L3"/>
<acetree config="20120402_nsy-5_L3.xml"/>
<editedby name="ALZ"/>
<editedtimepts num="60"/>
<editedcells num="53"/>
<checkedby name="n/a"/>
<comments text="n/a"/>
<status case="new"/>
</experiment>
