<?xml version='1.0' encoding='utf-8'?>

<experiment>
<series name="20120913_ceh-6_L2"/>
<date date="20120914"/>
<person name="azach"/>
<strain name="n/a"/>
<treatments desc="n/a"/>
<redsig value="ceh-6"/>
<imageloc loc="/gpfs/fs0/u/azach/images//20120913_ceh-6_L2"/>
<timepts num="265"/>
<annots loc="/gpfs/fs0/u/azach/images//20120913_ceh-6_L2"/>
<acetree config="20120913_ceh-6_L2.xml"/>
<editedby name="ALZ"/>
<editedtimepts num="230"/>
<editedcells num="373"/>
<checkedby name="160,ABalpap:220,ABarapp:220,ABplp:230,ABprpa:220,ABprpp:230,MSaapa:220,MSpapa:220"/>
<comments text="n/a"/>
<status case="new"/>
</experiment>
