<?xml version='1.0' encoding='utf-8'?>

<experiment>
<series name="20121010_JIM142_HSelt-1_L1"/>
<date date="20121010"/>
<person name="azach"/>
<strain name="JIM142"/>
<treatments desc="34C 8m"/>
<redsig value="HS::elt-1"/>
<imageloc loc="/gpfs/fs0/u/azach/images//20121010_JIM142_HSelt-1_L1"/>
<timepts num="248"/>
<annots loc="/gpfs/fs0/u/azach/images//20121010_JIM142_HSelt-1_L1"/>
<acetree config="20121010_JIM142_HSelt-1_L1.xml"/>
<editedby name="eliciap"/>
<editedtimepts num="n/a"/>
<editedcells num="6"/>
<checkedby name="n/a"/>
<comments text="arrested; early division failures"/>
<status case="new"/>
</experiment>
