<?xml version='1.0' encoding='utf-8'?>

<experiment>
<series name="20120503_ceh-36_zu189_L4"/>
<date date="20120504"/>
<person name="twal"/>
<strain name="pop-1(zu189)"/>
<treatments desc="pop-1(zu189)"/>
<redsig value="ceh-36"/>
<imageloc loc="/gpfs/fs0/u/twal/images//20120503_ceh-36_zu189_L4"/>
<timepts num="268"/>
<annots loc="/gpfs/fs0/u/twal/images//20120503_ceh-36_zu189_L4"/>
<acetree config="20120503_ceh-36_zu189_L4.xml"/>
<editedby name="TW"/>
<editedtimepts num="100"/>
<editedcells num="208"/>
<checkedby name="n/a"/>
<comments text="parts of ABal cut off, starts at 8 cell"/>
<status case="new"/>
</experiment>
