<?xml version='1.0' encoding='utf-8'?>

<experiment>
<series name="20120621_end-3_lit-1i_L2"/>
<date date="20120626"/>
<person name="azach"/>
<strain name="RW"/>
<treatments desc="n/a"/>
<redsig value="n/a"/>
<imageloc loc="/gpfs/fs0/u/azach/images//20120621_end-3_lit-1i_L2"/>
<timepts num="259"/>
<annots loc="/gpfs/fs0/u/azach/images//20120621_end-3_lit-1i_L2"/>
<acetree config="20120621_end-3_lit-1i_L2.xml"/>
<editedby name="ALZ"/>
<editedtimepts num="1"/>
<editedcells num="6"/>
<checkedby name="n/a"/>
<comments text="P2 lost GFP"/>
<status case="deleted"/>
</experiment>
