<?xml version='1.0' encoding='utf-8'?>

<experiment>
<series name="20120331_RW10871_L2"/>
<date date="20120404"/>
<person name="twal"/>
<strain name="RW10871"/>
<treatments desc="n/a"/>
<redsig value="ceh-6"/>
<imageloc loc="/gpfs/fs0/u/twal/images//20120331_RW10871_L2"/>
<timepts num="259"/>
<annots loc="/gpfs/fs0/u/twal/images//20120331_RW10871_L2"/>
<acetree config="20120331_RW10871_L2.xml"/>
<editedby name="n/a"/>
<editedtimepts num="n/a"/>
<editedcells num="n/a"/>
<checkedby name="n/a"/>
<comments text="snite failed"/>
<status case="new"/>
</experiment>
