<?xml version='1.0' encoding='utf-8'?>

<experiment>
<series name="20120705_JIM134_L1"/>
<date date="20120709"/>
<person name="azach"/>
<strain name="JIM134"/>
<treatments desc="mls-2(cs71)"/>
<redsig value="ceh-6"/>
<imageloc loc="/gpfs/fs0/u/azach/images//20120705_JIM134_L1"/>
<timepts num="265"/>
<annots loc="/gpfs/fs0/u/azach/images//20120705_JIM134_L1"/>
<acetree config="20120705_JIM134_L1.xml"/>
<editedby name="JIM"/>
<editedtimepts num="185"/>
<editedcells num="369"/>
<checkedby name="125,ABprpaaaa:185,ABplpaaaa:185"/>
<comments text="duct/pore fairly normal"/>
<status case="new"/>
</experiment>
