<?xml version='1.0' encoding='utf-8'?>

<experiment>
<series name="20120305_ceh-13_L3"/>
<date date="20120306"/>
<person name="azach"/>
<strain name="JIM118"/>
<treatments desc="n/a"/>
<redsig value="n/a"/>
<imageloc loc="/gpfs/fs0/u/azach/images//20120305_ceh-13_L3"/>
<timepts num="249"/>
<annots loc="/gpfs/fs0/u/azach/images//20120305_ceh-13_L3"/>
<acetree config="20120305_ceh-13_L3.xml"/>
<editedby name="ALZ"/>
<editedtimepts num="190"/>
<editedcells num="366"/>
<checkedby name="155,ABarpp:190,ABplap:185,ABplpp:180,ABprap:190,ABprpp:180,C:167,Caa:190,Cpa:190,D:190,MS:160,MSaapp:185,MSpapp:185"/>
<comments text="late MS, C and D expression"/>
<status case="new"/>
</experiment>
