<?xml version='1.0' encoding='utf-8'?>

<experiment>
<series name="20120710_JIM67_L3"/>
<date date="20120715"/>
<person name="azach"/>
<strain name="JIM67 div-1(or148)"/>
<treatments desc="n/a"/>
<redsig value="pha-4"/>
<imageloc loc="/gpfs/fs0/u/azach/images//20120710_JIM67_L3"/>
<timepts num="269"/>
<annots loc="/gpfs/fs0/u/azach/images//20120710_JIM67_L3"/>
<acetree config="20120710_JIM67_L3.xml"/>
<editedby name="TW"/>
<editedtimepts num="160"/>
<editedcells num="184"/>
<checkedby name="n/a"/>
<comments text="IN ABalaaa, a couple posterior Ab lineages. No exp in EMS or C. EMS synch"/>
<status case="new"/>
</experiment>
