<?xml version='1.0' encoding='utf-8'?>

<experiment>
<series name="20120524_hs-gfp_5hsembryos_L3"/>
<date date="20120526"/>
<person name="azach"/>
<strain name="n/a"/>
<treatments desc="n/a"/>
<redsig value="n/a"/>
<imageloc loc="/gpfs/fs0/u/azach/images//20120524_hs-gfp_5hsembryos_L3"/>
<timepts num="061"/>
<annots loc="/gpfs/fs0/u/azach/images//20120524_hs-gfp_5hsembryos_L3"/>
<acetree config="20120524_hs-gfp_5hsembryos_L3.xml"/>
<editedby name="ALZ"/>
<editedtimepts num="60"/>
<editedcells num="n/a"/>
<checkedby name="n/a"/>
<comments text="wide exprsesion"/>
<status case="new"/>
</experiment>
