<?xml version='1.0' encoding='utf-8'?>

<experiment>
<series name="20120823_pal-1_pop-1i_L1"/>
<date date="20120824"/>
<person name="azach"/>
<strain name="RW10991"/>
<treatments desc="n/a"/>
<redsig value="n/a"/>
<imageloc loc="/gpfs/fs0/u/azach/images//20120823_pal-1_pop-1i_L1"/>
<timepts num="261"/>
<annots loc="/gpfs/fs0/u/azach/images//20120823_pal-1_pop-1i_L1"/>
<acetree config="20120823_pal-1_pop-1i_L1.xml"/>
<editedby name="ALZ"/>
<editedtimepts num="10"/>
<editedcells num="8"/>
<checkedby name="n/a"/>
<comments text="n/a"/>
<status case="deleted"/>
</experiment>
