<?xml version='1.0' encoding='utf-8'?>

<experiment>
<series name="20121211_pceh-36_L2"/>
<date date="20121212"/>
<person name="azach"/>
<strain name="JIM158"/>
<treatments desc="n/a"/>
<redsig value="n/a"/>
<imageloc loc="/gpfs/fs0/u/azach/images//20121211_pceh-36_L2"/>
<timepts num="240"/>
<annots loc="/gpfs/fs0/u/azach/images//20121211_pceh-36_L2"/>
<acetree config="20121211_pceh-36_L2.xml"/>
<editedby name="ALZ"/>
<editedtimepts num="155"/>
<editedcells num="382"/>
<checkedby name="n/a"/>
<comments text="n/a"/>
<status case="new"/>
</experiment>
