<?xml version='1.0' encoding='utf-8'?>

<experiment>
<series name="20120627_JIM121_L1"/>
<date date="20120627"/>
<person name="azach"/>
<strain name="JIM121"/>
<treatments desc="div-1(or148)"/>
<redsig value="cnd-1"/>
<imageloc loc="/gpfs/fs0/u/azach/images//20120627_JIM121_L1"/>
<timepts num="241"/>
<annots loc="/gpfs/fs0/u/azach/images//20120627_JIM121_L1"/>
<acetree config="20120627_JIM121_L1.xml"/>
<editedby name="TW"/>
<editedtimepts num="160"/>
<editedcells num="174"/>
<checkedby name="n/a"/>
<comments text="n/a"/>
<status case="new"/>
</experiment>
