<?xml version='1.0' encoding='utf-8'?>

<experiment>
<series name="20120507_elt-2_L3"/>
<date date="20120508"/>
<person name="jmurr"/>
<strain name="RW10714"/>
<treatments desc="25C"/>
<redsig value="elt-2"/>
<imageloc loc="/gpfs/fs0/u/jmurr/images//20120507_elt-2_L3"/>
<timepts num="256"/>
<annots loc="/gpfs/fs0/u/jmurr/images//20120507_elt-2_L3"/>
<acetree config="20120507_elt-2_L3.xml"/>
<editedby name="JIM"/>
<editedtimepts num="100"/>
<editedcells num="194"/>
<checkedby name="n/a"/>
<comments text="n/a"/>
<status case="new"/>
</experiment>
