<?xml version='1.0' encoding='utf-8'?>

<experiment>
<series name="20121019_L1"/>
<date date="20121020"/>
<person name="twal"/>
<strain name="JIM142"/>
<treatments desc="34C 9m, no heat block"/>
<redsig value="HS::elt-1"/>
<imageloc loc="/gpfs/fs0/u/twal/images//20121019_L1"/>
<timepts num="259"/>
<annots loc="/gpfs/fs0/u/twal/images//20121019_L1"/>
<acetree config="20121019_L1.xml"/>
<editedby name="EAP"/>
<editedtimepts num="n/a"/>
<editedcells num="n/a"/>
<checkedby name="n/a"/>
<comments text="arrested"/>
<status case="new"/>
</experiment>
