<?xml version='1.0' encoding='utf-8'?>

<experiment>
<series name="20120707_JIM136_L3"/>
<date date="20120710"/>
<person name="azach"/>
<strain name="JIM136"/>
<treatments desc="n/a"/>
<redsig value="ceh-36"/>
<imageloc loc="/gpfs/fs0/u/azach/images//20120707_JIM136_L3"/>
<timepts num="267"/>
<annots loc="/gpfs/fs0/u/azach/images//20120707_JIM136_L3"/>
<acetree config="20120707_JIM136_L3.xml"/>
<editedby name="n/a"/>
<editedtimepts num="n/a"/>
<editedcells num="n/a"/>
<checkedby name="n/a"/>
<comments text="n/a"/>
<status case="new"/>
</experiment>
