<?xml version='1.0' encoding='utf-8'?>

<experiment>
<series name="20120730_poptop_HS_L3"/>
<date date="20120808"/>
<person name="azach"/>
<strain name="n/a"/>
<treatments desc="n/a"/>
<redsig value="n/a"/>
<imageloc loc="/gpfs/fs0/u/azach/images//20120730_poptop_HS_L3"/>
<timepts num="264"/>
<annots loc="/gpfs/fs0/u/azach/images//20120730_poptop_HS_L3"/>
<acetree config="20120730_poptop_HS_L3.xml"/>
<editedby name="n/a"/>
<editedtimepts num="n/a"/>
<editedcells num="n/a"/>
<checkedby name="n/a"/>
<comments text="n/a"/>
<status case="new"/>
</experiment>
