<?xml version='1.0' encoding='utf-8'?>

<experiment>
<series name="20120913_ceh-6_L4"/>
<date date="20120914"/>
<person name="azach"/>
<strain name="n/a"/>
<treatments desc="n/a"/>
<redsig value="ceh-6"/>
<imageloc loc="/gpfs/fs0/u/azach/images//20120913_ceh-6_L4"/>
<timepts num="265"/>
<annots loc="/gpfs/fs0/u/azach/images//20120913_ceh-6_L4"/>
<acetree config="20120913_ceh-6_L4.xml"/>
<editedby name="ALZ"/>
<editedtimepts num="220"/>
<editedcells num="374"/>
<checkedby name="150,ABalpap:210,ABarapp:210,ABplp:220,ABprp:220,MSaapa:220,MSpapa:220"/>
<comments text="n/a"/>
<status case="new"/>
</experiment>
