<?xml version='1.0' encoding='utf-8'?>

<experiment>
<series name="20120823_mir-57_pop-1i_L3"/>
<date date="20120824"/>
<person name="azach"/>
<strain name="RW10048"/>
<treatments desc="pop-1 RNAi"/>
<redsig value="mir-57"/>
<imageloc loc="/gpfs/fs0/u/azach/images//20120823_mir-57_pop-1i_L3"/>
<timepts num="183"/>
<annots loc="/gpfs/fs0/u/azach/images//20120823_mir-57_pop-1i_L3"/>
<acetree config="20120823_mir-57_pop-1i_L3.xml"/>
<editedby name="ALZ"/>
<editedtimepts num="30"/>
<editedcells num="22"/>
<checkedby name="n/a"/>
<comments text="n/a"/>
<status case="deleted"/>
</experiment>
