<?xml version='1.0' encoding='utf-8'?>

<experiment>
<series name="20121006_nhr-25_pop-1i_L1"/>
<date date="20121007"/>
<person name="azach"/>
<strain name="n/a"/>
<treatments desc="n/a"/>
<redsig value="n/a"/>
<imageloc loc="/gpfs/fs0/u/azach/images//20121006_nhr-25_pop-1i_L1"/>
<timepts num="261"/>
<annots loc="/gpfs/fs0/u/azach/images//20121006_nhr-25_pop-1i_L1"/>
<acetree config="20121006_nhr-25_pop-1i_L1.xml"/>
<editedby name="n/a"/>
<editedtimepts num="60"/>
<editedcells num="48"/>
<checkedby name="n/a"/>
<comments text="n/a"/>
<status case="new"/>
</experiment>
