<?xml version='1.0' encoding='utf-8'?>

<experiment>
<series name="20120412_tbx-11_lit-1i_L4"/>
<date date="20120413"/>
<person name="azach"/>
<strain name="n/a"/>
<treatments desc="lit-1 RNAi"/>
<imageloc loc="/gpfs/fs0/u/azach/images//20120412_tbx-11_lit-1i_L4"/>
<timepts num="263"/>
<annots loc="/gpfs/fs0/u/azach/images//20120412_tbx-11_lit-1i_L4"/>
<acetree config="20120412_tbx-11_lit-1i_L4.xml"/>
<editedby name="n/a"/>
<editedtimepts num="110"/>
<editedcells num="194"/>
<checkedby name="n/a"/>
<comments text="good RNAi, good pos"/>
<status case="new"/>
</experiment>
