<?xml version='1.0' encoding='utf-8'?>

<experiment>
<series name="20120130_elt-1_17_L1"/>
<date date="20120130"/>
<person name="peteyk"/>
<strain name="n/a"/>
<treatments desc="none"/>
<redsig value="elt-1"/>
<imageloc loc="/gpfs/fs0/l/murr/jmurr/images/20120130_elt-1_17_L1"/>
<timepts num="262"/>
<annots loc="/gpfs/fs0/l/murr/jmurr/images/20120130_elt-1_17_L1"/>
<acetree config="20120130_elt-1_17_L1.xml"/>
<editedby name="120,Caa:240,Cpa:240,ABarp:240,ABpla:240,ABpra:240,ABplpaaaa:258,ABprpaaaa:258"/>
<editedtimepts num="240"/>
<editedcells num="600"/>
<checkedby name="120,Caa:240,Cpa:240,ABarp:240,ABpla:240,ABpra:240,ABplpaaaa:258,ABprpaaaa:258"/>
<comments text="from UW, ELT-1::GFP"/>
<status case="new"/>
</experiment>
