<?xml version='1.0' encoding='utf-8'?>

<experiment>
<series name="20120325_GG52xRW10026_L4"/>
<date date="20120329"/>
<person name="twal"/>
<strain name="n/a"/>
<treatments desc="n/a"/>
<redsig value="n/a"/>
<imageloc loc="/gpfs/fs0/u/twal/images//20120325_GG52xRW10026_L4"/>
<timepts num="270"/>
<annots loc="/gpfs/fs0/u/twal/images//20120325_GG52xRW10026_L4"/>
<acetree config="20120325_GG52xRW10026_L4.xml"/>
<editedby name="TW"/>
<editedtimepts num="150"/>
<editedcells num="174"/>
<checkedby name="n/a"/>
<comments text="n/a"/>
<status case="new"/>
</experiment>
