<?xml version='1.0' encoding='utf-8'?>

<experiment>
<series name="20120210_poptop_pop-1i_L1"/>
<date date="20120210"/>
<person name="azach"/>
<strain name="JIM115"/>
<treatments desc="pop-1 RNAi"/>
<redsig value="n/a"/>
<imageloc loc="/gpfs/fs0/u/azach/images//20120210_poptop_pop-1i_L1"/>
<timepts num="226"/>
<annots loc="/gpfs/fs0/u/azach/images//20120210_poptop_pop-1i_L1"/>
<acetree config="20120210_poptop_pop-1i_L1.xml"/>
<editedby name="n/a"/>
<editedtimepts num="n/a"/>
<editedcells num="n/a"/>
<checkedby name="n/a"/>
<comments text="weak RNAi"/>
<status case="deleted"/>
</experiment>
