<?xml version='1.0' encoding='utf-8'?>

<experiment>
<series name="20120508_elt-2_L1"/>
<date date="20120509"/>
<person name="jmurr"/>
<strain name="RW10714"/>
<treatments desc="25C"/>
<redsig value="elt-2"/>
<imageloc loc="/gpfs/fs0/u/jmurr/images//20120508_elt-2_L1"/>
<timepts num="261"/>
<annots loc="/gpfs/fs0/u/jmurr/images//20120508_elt-2_L1"/>
<acetree config="20120508_elt-2_L1.xml"/>
<editedby name="JIM"/>
<editedtimepts num="125"/>
<editedcells num="193"/>
<checkedby name="n/a"/>
<comments text="test SALT"/>
<status case="new"/>
</experiment>
