<?xml version='1.0' encoding='utf-8'?>

<experiment>
<series name="20120605_hlh-3_L2"/>
<date date="20120611"/>
<person name="jmurr"/>
<strain name="n/a"/>
<treatments desc="n/a"/>
<redsig value="hlh-3"/>
<imageloc loc="/gpfs/fs0/u/jmurr/images//20120605_hlh-3_L2"/>
<timepts num="270"/>
<annots loc="/gpfs/fs0/u/jmurr/images//20120605_hlh-3_L2"/>
<acetree config="20120605_hlh-3_L2.xml"/>
<editedby name="JIM"/>
<editedtimepts num="120"/>
<editedcells num="359"/>
<checkedby name="150,AB:200,ABplap:240,ABprap:240,MS:200"/>
<comments text="240"/>
<status case="new"/>
</experiment>
