<?xml version='1.0' encoding='utf-8'?>

<experiment>
<series name="20120415_JIM125_L2"/>
<date date="20120415"/>
<person name="twal"/>
<strain name="JIM125 lit-1(ne1991)"/>
<treatments desc="n/a"/>
<redsig value="ceh-36"/>
<imageloc loc="/gpfs/fs0/u/twal/images//20120415_JIM125_L2"/>
<timepts num="240"/>
<annots loc="/gpfs/fs0/u/twal/images//20120415_JIM125_L2"/>
<acetree config="20120415_JIM125_L2.xml"/>
<editedby name="n/a"/>
<editedtimepts num="n/a"/>
<editedcells num="n/a"/>
<checkedby name="n/a"/>
<comments text="off"/>
<status case="deleted"/>
</experiment>
