<?xml version='1.0' encoding='utf-8'?>

<experiment>
<series name="20120817_vab-7_L1"/>
<date date="20120817"/>
<person name="azach"/>
<strain name="RW10199"/>
<treatments desc="n/a"/>
<redsig value="vab-7"/>
<imageloc loc="/gpfs/fs0/u/azach/images//20120817_vab-7_L1"/>
<timepts num="181"/>
<annots loc="/gpfs/fs0/u/azach/images//20120817_vab-7_L1"/>
<acetree config="20120817_vab-7_L1.xml"/>
<editedby name="ALZ"/>
<editedtimepts num="12"/>
<editedcells num="12"/>
<checkedby name="n/a"/>
<comments text="n/a"/>
<status case="deleted"/>
</experiment>
