<?xml version='1.0' encoding='utf-8'?>

<experiment>
<series name="20120213_poptop_pop-1i_L2"/>
<date date="20120215"/>
<person name="azach"/>
<strain name="JIM115"/>
<treatments desc="pop-1 RNAi"/>
<redsig value="n/a"/>
<imageloc loc="/gpfs/fs0/u/azach/images//20120213_poptop_pop-1i_L2"/>
<timepts num="248"/>
<annots loc="/gpfs/fs0/u/azach/images//20120213_poptop_pop-1i_L2"/>
<acetree config="20120213_poptop_pop-1i_L2.xml"/>
<editedby name="n/a"/>
<editedtimepts num="1"/>
<editedcells num="2"/>
<checkedby name="n/a"/>
<comments text="weak RNAi"/>
<status case="deleted"/>
</experiment>
