<?xml version='1.0' encoding='utf-8'?>

<experiment>
<series name="20120616_end-3_L1"/>
<date date="20120617"/>
<person name="azach"/>
<strain name="n/a"/>
<treatments desc="n/a"/>
<redsig value="n/a"/>
<imageloc loc="/gpfs/fs0/u/azach/images//20120616_end-3_L1"/>
<timepts num="270"/>
<annots loc="/gpfs/fs0/u/azach/images//20120616_end-3_L1"/>
<acetree config="20120616_end-3_L1.xml"/>
<editedby name="ALZ"/>
<editedtimepts num="145"/>
<editedcells num="175"/>
<checkedby name="90,EMS:145"/>
<comments text="n/a"/>
<status case="new"/>
</experiment>
