<?xml version='1.0' encoding='utf-8'?>

<experiment>
<series name="20120814_pal-1_L1"/>
<date date="20120814"/>
<person name="azach"/>
<strain name="RW10993"/>
<treatments desc="none"/>
<redsig value="pal-1"/>
<imageloc loc="/gpfs/fs0/u/azach/images//20120814_pal-1_L1"/>
<timepts num="153"/>
<annots loc="/gpfs/fs0/u/azach/images//20120814_pal-1_L1"/>
<acetree config="20120814_pal-1_L1.xml"/>
<editedby name="n/a"/>
<editedtimepts num="n/a"/>
<editedcells num="n/a"/>
<checkedby name="n/a"/>
<comments text="n/a"/>
<status case="deleted"/>
</experiment>
