<?xml version='1.0' encoding='utf-8'?>

<experiment>
<series name="20120621_end-3_pop-1i_L1"/>
<date date="20120621"/>
<person name="azach"/>
<strain name="n/a"/>
<treatments desc="n/a"/>
<redsig value="end-3"/>
<imageloc loc="/gpfs/fs0/u/azach/images//20120621_end-3_pop-1i_L1"/>
<timepts num="211"/>
<annots loc="/gpfs/fs0/u/azach/images//20120621_end-3_pop-1i_L1"/>
<acetree config="20120621_end-3_pop-1i_L1.xml"/>
<editedby name="ALZ"/>
<editedtimepts num="137"/>
<editedcells num="176"/>
<checkedby name="105,EMS:137"/>
<comments text="n/a"/>
<status case="new"/>
</experiment>
