<?xml version='1.0' encoding='utf-8'?>

<experiment>
<series name="20120806_poptop_L3"/>
<date date="20120809"/>
<person name="azach"/>
<strain name="n/a"/>
<treatments desc="n/a"/>
<redsig value="n/a"/>
<imageloc loc="/gpfs/fs0/u/azach/images//20120806_poptop_L3"/>
<timepts num="243"/>
<annots loc="/gpfs/fs0/u/azach/images//20120806_poptop_L3"/>
<acetree config="20120806_poptop_L3.xml"/>
<editedby name="ALZ"/>
<editedtimepts num="20"/>
<editedcells num="12"/>
<checkedby name="n/a"/>
<comments text="n/a"/>
<status case="new"/>
</experiment>
