<?xml version='1.0' encoding='utf-8'?>

<experiment>
<series name="20120824_ceh-6_pop-1i_L4"/>
<date date="20120827"/>
<person name="azach"/>
<strain name="RW10871"/>
<treatments desc="pop-1 RNAi"/>
<redsig value="ceh-6"/>
<imageloc loc="/gpfs/fs0/u/azach/images//20120824_ceh-6_pop-1i_L4"/>
<timepts num="260"/>
<annots loc="/gpfs/fs0/u/azach/images//20120824_ceh-6_pop-1i_L4"/>
<acetree config="20120824_ceh-6_pop-1i_L4.xml"/>
<editedby name="ALZ"/>
<editedtimepts num="40"/>
<editedcells num="26"/>
<checkedby name="n/a"/>
<comments text="n/a"/>
<status case="new"/>
</experiment>
