<?xml version='1.0' encoding='utf-8'?>

<experiment>
<series name="20120411_poptop_L2"/>
<date date="20120411"/>
<person name="azach"/>
<strain name="JIM115"/>
<treatments desc="none"/>
<redsig value="n/a"/>
<imageloc loc="/gpfs/fs0/u/azach/images//20120411_poptop_L2"/>
<timepts num="261"/>
<annots loc="/gpfs/fs0/u/azach/images//20120411_poptop_L2"/>
<acetree config="20120411_poptop_L2.xml"/>
<editedby name="ALZ"/>
<editedtimepts num="150"/>
<editedcells num="365"/>
<checkedby name="n/a"/>
<comments text="good pos"/>
<status case="new"/>
</experiment>
