<?xml version='1.0' encoding='utf-8'?>

<experiment>
<series name="20120725_RW11187_L2"/>
<date date="20120731"/>
<person name="azach"/>
<strain name="RW11187"/>
<treatments desc="none"/>
<redsig value="ceh-21"/>
<imageloc loc="/gpfs/fs0/u/azach/images//20120725_RW11187_L2"/>
<timepts num="269"/>
<annots loc="/gpfs/fs0/u/azach/images//20120725_RW11187_L2"/>
<acetree config="20120725_RW11187_L2.xml"/>
<editedby name="n/a"/>
<editedtimepts num="n/a"/>
<editedcells num="n/a"/>
<checkedby name="n/a"/>
<comments text="n/a"/>
<status case="new"/>
</experiment>
