<?xml version='1.0' encoding='utf-8'?>

<experiment>
<series name="20120215_elt-6_pop-1i_L2"/>
<date date="20120216"/>
<person name="azach"/>
<strain name="RW10026"/>
<treatments desc="n/a"/>
<redsig value="n/a"/>
<imageloc loc="/gpfs/fs0/u/azach/images//20120215_elt-6_pop-1i_L2"/>
<timepts num="242"/>
<annots loc="/gpfs/fs0/u/azach/images//20120215_elt-6_pop-1i_L2"/>
<acetree config="20120215_elt-6_pop-1i_L2.xml"/>
<editedby name="n/a"/>
<editedtimepts num="n/a"/>
<editedcells num="n/a"/>
<checkedby name="n/a"/>
<comments text="n/a"/>
<status case="deleted"/>
</experiment>
