<?xml version='1.0' encoding='utf-8'?>

<experiment>
<series name="20121011_ceh-6_pop-1i_L1"/>
<date date="20121012"/>
<person name="azach"/>
<strain name="n/a"/>
<treatments desc="n/a"/>
<redsig value="n/a"/>
<imageloc loc="/gpfs/fs0/u/azach/images//20121011_ceh-6_pop-1i_L1"/>
<timepts num="264"/>
<annots loc="/gpfs/fs0/u/azach/images//20121011_ceh-6_pop-1i_L1"/>
<acetree config="20121011_ceh-6_pop-1i_L1.xml"/>
<editedby name="ALZ"/>
<editedtimepts num="20"/>
<editedcells num="n/a"/>
<checkedby name="n/a"/>
<comments text="n/a"/>
<status case="new"/>
</experiment>
