<?xml version='1.0' encoding='utf-8'?>

<experiment>
<series name="20131216_ceh-36Mut1array_L1"/>
<date date="20131217"/>
<person name="azach"/>
<strain name="JIM250"/>
<treatments desc="n/a"/>
<redsig value="n/a"/>
<imageloc loc="/gpfs/fs0/u/azach/images//20131216_ceh-36Mut1array_L1"/>
<timepts num="241"/>
<annots loc="/gpfs/fs0/u/azach/images//20131216_ceh-36Mut1array_L1"/>
<acetree config="20131216_ceh-36Mut1array_L1.xml"/>
<editedby name="n/a"/>
<editedtimepts num="n/a"/>
<editedcells num="n/a"/>
<checkedby name="n/a"/>
<comments text="loses array"/>
<status case="deleted"/>
</experiment>
