<?xml version='1.0' encoding='utf-8'?>

<experiment>
<series name="20130423_PM_unc-120_pop-1i_L2"/>
<date date="20130424"/>
<person name="azach"/>
<strain name="n/a"/>
<treatments desc="n/a"/>
<redsig value="n/a"/>
<imageloc loc="/gpfs/fs0/u/azach/images//20130423_PM_unc-120_pop-1i_L2"/>
<timepts num="260"/>
<annots loc="/gpfs/fs0/u/azach/images//20130423_PM_unc-120_pop-1i_L2"/>
<acetree config="20130423_PM_unc-120_pop-1i_L2.xml"/>
<editedby name="ALZ"/>
<editedtimepts num="160"/>
<editedcells num="180"/>
<checkedby name="115,EMS:140,C:160,P3:150"/>
<comments text="n/a"/>
<status case="new"/>
</experiment>
