<?xml version='1.0' encoding='utf-8'?>

<experiment>
<series name="20130605_ceh-27BS_JIM208_L1"/>
<date date="20130606"/>
<person name="eliciap"/>
<strain name="JIM208"/>
<treatments desc="n/a"/>
<redsig value="ceh-27 BS"/>
<imageloc loc="/gpfs/fs0/u/eliciap/images//20130605_ceh-27BS_JIM208_L1"/>
<timepts num="255"/>
<annots loc="/gpfs/fs0/u/eliciap/images//20130605_ceh-27BS_JIM208_L1"/>
<acetree config="20130605_ceh-27BS_JIM208_L1.xml"/>
<editedby name="EAP"/>
<editedtimepts num="n/a"/>
<editedcells num="n/a"/>
<checkedby name="n/a"/>
<comments text="too dim, delete"/>
<status case="deleted"/>
</experiment>
