<?xml version='1.0' encoding='utf-8'?>

<experiment>
<series name="20130225_cnd-1_lit-1i_L4"/>
<date date="20130226"/>
<person name="azach"/>
<strain name="RW10434"/>
<treatments desc="really pop-1 RNAi"/>
<redsig value="n/a"/>
<imageloc loc="/gpfs/fs0/u/azach/images//20130225_cnd-1_lit-1i_L4"/>
<timepts num="260"/>
<annots loc="/gpfs/fs0/u/azach/images//20130225_cnd-1_lit-1i_L4"/>
<acetree config="20130225_cnd-1_lit-1i_L4.xml"/>
<editedby name="n/a"/>
<editedtimepts num="n/a"/>
<editedcells num="n/a"/>
<checkedby name="n/a"/>
<comments text="n/a"/>
<status case="deleted"/>
</experiment>
