<?xml version='1.0' encoding='utf-8'?>

<experiment>
<series name="20130821_lin-26_L4"/>
<date date="20130823"/>
<person name="gosborn"/>
<strain name="n/a"/>
<treatments desc="n/a"/>
<redsig value="n/a"/>
<imageloc loc="/gpfs/fs0/u/gosborn/images//20130821_lin-26_L4"/>
<timepts num="261"/>
<annots loc="/gpfs/fs0/u/gosborn/images//20130821_lin-26_L4"/>
<acetree config="20130821_lin-26_L4.xml"/>
<editedby name="n/a"/>
<editedtimepts num="n/a"/>
<editedcells num="n/a"/>
<checkedby name="n/a"/>
<comments text="n/a"/>
<status case="new"/>
</experiment>
