<?xml version='1.0' encoding='utf-8'?>

<experiment>
<series name="20130703_JIM220_L2"/>
<date date="20130707"/>
<person name="twal"/>
<strain name="JIM220 unc-30(ok613) ceh-36(ok795)"/>
<treatments desc="n/a"/>
<redsig value="Ex ceh-36-gfp"/>
<imageloc loc="/gpfs/fs0/u/twal/images//20130703_JIM220_L2"/>
<timepts num="267"/>
<annots loc="/gpfs/fs0/u/twal/images//20130703_JIM220_L2"/>
<acetree config="20130703_JIM220_L2.xml"/>
<editedby name="n/a"/>
<editedtimepts num="n/a"/>
<editedcells num="n/a"/>
<checkedby name="n/a"/>
<comments text="needs repipeline"/>
<status case="new"/>
</experiment>
