<?xml version='1.0' encoding='utf-8'?>

<experiment>
<series name="20130329_unc-120_L1"/>
<date date="20130329"/>
<person name="azach"/>
<strain name="n/a"/>
<treatments desc="n/a"/>
<redsig value="n/a"/>
<imageloc loc="/gpfs/fs0/u/azach/images//20130329_unc-120_L1"/>
<timepts num="216"/>
<annots loc="/gpfs/fs0/u/azach/images//20130329_unc-120_L1"/>
<acetree config="20130329_unc-120_L1.xml"/>
<editedby name="ALZ"/>
<editedtimepts num="150"/>
<editedcells num="181"/>
<checkedby name="95,P1:120,MSaap:150,MSap:150,MSpap:150,MSpp:150,C:150,D:150"/>
<comments text="expressing"/>
<status case="new"/>
</experiment>
