<?xml version='1.0' encoding='utf-8'?>

<experiment>
<series name="20130425_tlp-1_L3"/>
<date date="20130426"/>
<person name="azach"/>
<strain name="n/a"/>
<treatments desc="n/a"/>
<redsig value="n/a"/>
<imageloc loc="/gpfs/fs0/u/azach/images//20130425_tlp-1_L3"/>
<timepts num="264"/>
<annots loc="/gpfs/fs0/u/azach/images//20130425_tlp-1_L3"/>
<acetree config="20130425_tlp-1_L3.xml"/>
<editedby name="ALZ"/>
<editedtimepts num="25"/>
<editedcells num="24"/>
<checkedby name="n/a"/>
<comments text="DV pretty good"/>
<status case="new"/>
</experiment>
