<?xml version='1.0' encoding='utf-8'?>

<experiment>
<series name="20130416_nob-1_JIM149_L3"/>
<date date="20130418"/>
<person name="azach"/>
<strain name="JIM149"/>
<treatments desc="n/a"/>
<redsig value="n/a"/>
<imageloc loc="/gpfs/fs0/u/azach/images//20130416_nob-1_JIM149_L3"/>
<timepts num="261"/>
<annots loc="/gpfs/fs0/u/azach/images//20130416_nob-1_JIM149_L3"/>
<acetree config="20130416_nob-1_JIM149_L3.xml"/>
<editedby name="EAP"/>
<editedtimepts num="70"/>
<editedcells num="99"/>
<checkedby name="n/a"/>
<comments text="arrested comma"/>
<status case="new"/>
</experiment>
