<?xml version='1.0' encoding='utf-8'?>

<experiment>
<series name="20130930_ceh-13_JIM242_L2"/>
<date date="20131002"/>
<person name="eliciap"/>
<strain name="JIM242"/>
<treatments desc="n/a"/>
<redsig value="EXceh-13"/>
<imageloc loc="/gpfs/fs0/u/eliciap/images//20130930_ceh-13_JIM242_L2"/>
<timepts num="270"/>
<annots loc="/gpfs/fs0/u/eliciap/images//20130930_ceh-13_JIM242_L2"/>
<acetree config="20130930_ceh-13_JIM242_L2.xml"/>
<editedby name="EAP"/>
<editedtimepts num="n/a"/>
<editedcells num="n/a"/>
<checkedby name="n/a"/>
<comments text="serious z drift"/>
<status case="deleted"/>
</experiment>
