<?xml version='1.0' encoding='utf-8'?>

<experiment>
<series name="20130129_ceh-13_unc-37hda-1i_L1"/>
<date date="20130129"/>
<person name="azach"/>
<strain name="n/a"/>
<treatments desc="n/a"/>
<redsig value="n/a"/>
<imageloc loc="/gpfs/fs0/u/azach/images//20130129_ceh-13_unc-37hda-1i_L1"/>
<timepts num="133"/>
<annots loc="/gpfs/fs0/u/azach/images//20130129_ceh-13_unc-37hda-1i_L1"/>
<acetree config="20130129_ceh-13_unc-37hda-1i_L1.xml"/>
<editedby name="ALZ"/>
<editedtimepts num="130"/>
<editedcells num="187"/>
<checkedby name="n/a"/>
<comments text="n/a"/>
<status case="new"/>
</experiment>
