<?xml version='1.0' encoding='utf-8'?>

<experiment>
<series name="20130223_cnd-1_L2"/>
<date date="20130224"/>
<person name="azach"/>
<strain name="RW10434"/>
<treatments desc="n/a"/>
<redsig value="n/a"/>
<imageloc loc="/gpfs/fs0/u/azach/images//20130223_cnd-1_L2"/>
<timepts num="270"/>
<annots loc="/gpfs/fs0/u/azach/images//20130223_cnd-1_L2"/>
<acetree config="20130223_cnd-1_L2.xml"/>
<editedby name="ALZ"/>
<editedtimepts num="80"/>
<editedcells num="98"/>
<checkedby name="n/a"/>
<comments text="edge issue"/>
<status case="deleted"/>
</experiment>
