<?xml version='1.0' encoding='utf-8'?>

<experiment>
<series name="20130623_3XTCF_JIM217_L1"/>
<date date="20130724"/>
<person name="eliciap"/>
<strain name="JIM217"/>
<treatments desc="n/a"/>
<redsig value="3XTCF"/>
<imageloc loc="/gpfs/fs0/u/eliciap/images//20130623_3XTCF_JIM217_L1"/>
<timepts num="260"/>
<annots loc="/gpfs/fs0/u/eliciap/images//20130623_3XTCF_JIM217_L1"/>
<acetree config="20130623_3XTCF_JIM217_L1.xml"/>
<editedby name="EAP"/>
<editedtimepts num="n/a"/>
<editedcells num="n/a"/>
<checkedby name="n/a"/>
<comments text="starts with 9 cells"/>
<status case="deleted"/>
</experiment>
