<?xml version='1.0' encoding='utf-8'?>

<experiment>
<series name="20130704_JIM220_L3"/>
<date date="20130706"/>
<person name="twal"/>
<strain name="JIM220 unc-30(ok613) ceh-36(ok795)"/>
<treatments desc="n/a"/>
<redsig value="Ex ceh-36-gfp"/>
<imageloc loc="/gpfs/fs0/u/twal/images//20130704_JIM220_L3"/>
<timepts num="270"/>
<annots loc="/gpfs/fs0/u/twal/images//20130704_JIM220_L3"/>
<acetree config="20130704_JIM220_L3.xml"/>
<editedby name="n/a"/>
<editedtimepts num="n/a"/>
<editedcells num="n/a"/>
<checkedby name="n/a"/>
<comments text="expressing good orientation"/>
<status case="new"/>
</experiment>
