<?xml version='1.0' encoding='utf-8'?>

<experiment>
<series name="20131015_ceh-13_JIM242_L4"/>
<date date="20131021"/>
<person name="eliciap"/>
<strain name="JIM242"/>
<treatments desc="n/a"/>
<redsig value="n/a"/>
<imageloc loc="/gpfs/fs0/u/eliciap/images//20131015_ceh-13_JIM242_L4"/>
<timepts num="263"/>
<annots loc="/gpfs/fs0/u/eliciap/images//20131015_ceh-13_JIM242_L4"/>
<acetree config="20131015_ceh-13_JIM242_L4.xml"/>
<editedby name="n/a"/>
<editedtimepts num="n/a"/>
<editedcells num="n/a"/>
<checkedby name="n/a"/>
<comments text="n/a"/>
<status case="deleted"/>
</experiment>
