<?xml version='1.0' encoding='utf-8'?>

<experiment>
<series name="20130311_dmd-4_L2"/>
<date date="20130312"/>
<person name="azach"/>
<strain name="n/a"/>
<treatments desc="n/a"/>
<redsig value="n/a"/>
<imageloc loc="/gpfs/fs0/u/azach/images//20130311_dmd-4_L2"/>
<timepts num="222"/>
<annots loc="/gpfs/fs0/u/azach/images//20130311_dmd-4_L2"/>
<acetree config="20130311_dmd-4_L2.xml"/>
<editedby name="n/a"/>
<editedtimepts num="n/a"/>
<editedcells num="n/a"/>
<checkedby name="n/a"/>
<comments text="n/a"/>
<status case="new"/>
</experiment>
