<?xml version='1.0' encoding='utf-8'?>

<experiment>
<series name="20130808_mir-57_sys-1i_L1"/>
<date date="20130808"/>
<person name="azach"/>
<strain name="n/a"/>
<treatments desc="n/a"/>
<redsig value="n/a"/>
<imageloc loc="/gpfs/fs0/u/azach/images//20130808_mir-57_sys-1i_L1"/>
<timepts num="241"/>
<annots loc="/gpfs/fs0/u/azach/images//20130808_mir-57_sys-1i_L1"/>
<acetree config="20130808_mir-57_sys-1i_L1.xml"/>
<editedby name="n/a"/>
<editedtimepts num="50"/>
<editedcells num="52"/>
<checkedby name="n/a"/>
<comments text="n/a"/>
<status case="new"/>
</experiment>
