<?xml version='1.0' encoding='utf-8'?>

<experiment>
<series name="20130326_JIM190_L4"/>
<date date="20130328"/>
<person name="twal"/>
<strain name="JIM190 ceh-36(ky646)"/>
<treatments desc="n/a"/>
<redsig value="n/a"/>
<imageloc loc="/gpfs/fs0/u/twal/images//20130326_JIM190_L4"/>
<timepts num="267"/>
<annots loc="/gpfs/fs0/u/twal/images//20130326_JIM190_L4"/>
<acetree config="20130326_JIM190_L4.xml"/>
<editedby name="TW"/>
<editedtimepts num="n/a"/>
<editedcells num="n/a"/>
<checkedby name="n/a"/>
<comments text="packed"/>
<status case="new"/>
</experiment>
