<?xml version='1.0' encoding='utf-8'?>

<experiment>
<series name="20130618_nhr-67_JIM202_L4"/>
<date date="20130621"/>
<person name="eliciap"/>
<strain name="JIM202"/>
<treatments desc="n/a"/>
<redsig value="nhr-67 rescue"/>
<imageloc loc="/gpfs/fs0/u/eliciap/images//20130618_nhr-67_JIM202_L4"/>
<timepts num="256"/>
<annots loc="/gpfs/fs0/u/eliciap/images//20130618_nhr-67_JIM202_L4"/>
<acetree config="20130618_nhr-67_JIM202_L4.xml"/>
<editedby name="EAP"/>
<editedtimepts num="n/a"/>
<editedcells num="n/a"/>
<checkedby name="n/a"/>
<comments text="starts with 10 cells; folded arrest"/>
<status case="new"/>
</experiment>
