<?xml version='1.0' encoding='utf-8'?>

<experiment>
<series name="20130703_JIM220_L3"/>
<date date="20130707"/>
<person name="twal"/>
<strain name="n/aa"/>
<treatments desc="n/a"/>
<redsig value="n/a"/>
<imageloc loc="/gpfs/fs0/u/twal/images//20130703_JIM220_L3"/>
<timepts num="268"/>
<annots loc="/gpfs/fs0/u/twal/images//20130703_JIM220_L3"/>
<acetree config="20130703_JIM220_L3.xml"/>
<editedby name="n/a"/>
<editedtimepts num="n/a"/>
<editedcells num="n/a"/>
<checkedby name="n/a"/>
<comments text="n/a"/>
<status case="deleted"/>
</experiment>
