<?xml version='1.0' encoding='utf-8'?>

<experiment>
<series name="20130630_nhr-67_JIM202_L1"/>
<date date="20130701"/>
<person name="eliciap"/>
<strain name="JIM202"/>
<treatments desc="n/a"/>
<redsig value="nhr-67 rescue"/>
<imageloc loc="/gpfs/fs0/u/eliciap/images//20130630_nhr-67_JIM202_L1"/>
<timepts num="270"/>
<annots loc="/gpfs/fs0/u/eliciap/images//20130630_nhr-67_JIM202_L1"/>
<acetree config="20130630_nhr-67_JIM202_L1.xml"/>
<editedby name="EAP"/>
<editedtimepts num="30"/>
<editedcells num="30"/>
<checkedby name="n/a"/>
<comments text="2-fold; rescued"/>
<status case="new"/>
</experiment>
