<?xml version='1.0' encoding='utf-8'?>

<experiment>
<series name="20130816_ceh-130_lit-1i_L2"/>
<date date="20130817"/>
<person name="azach"/>
<strain name="JIM145"/>
<treatments desc="lit-1 RNA"/>
<redsig value="unc-130"/>
<imageloc loc="/gpfs/fs0/u/azach/images//20130816_ceh-130_lit-1i_L2"/>
<timepts num="185"/>
<annots loc="/gpfs/fs0/u/azach/images//20130816_ceh-130_lit-1i_L2"/>
<acetree config="20130816_ceh-130_lit-1i_L2.xml"/>
<editedby name="ALZ"/>
<editedtimepts num="160"/>
<editedcells num="200"/>
<checkedby name="100,EMS:110,ABp:160"/>
<comments text="n/a"/>
<status case="new"/>
</experiment>
