<?xml version='1.0' encoding='utf-8'?>

<experiment>
<series name="20131126_newpoptop_L4"/>
<date date="20131127"/>
<person name="azach"/>
<strain name="n/a"/>
<treatments desc="n/a"/>
<redsig value="n/a"/>
<imageloc loc="/gpfs/fs0/u/azach/images//20131126_newpoptop_L4"/>
<timepts num="265"/>
<annots loc="/gpfs/fs0/u/azach/images//20131126_newpoptop_L4"/>
<acetree config="20131126_newpoptop_L4.xml"/>
<editedby name="n/a"/>
<editedtimepts num="50"/>
<editedcells num="28"/>
<checkedby name="n/a"/>
<comments text="edge issues"/>
<status case="new"/>
</experiment>
