<?xml version='1.0' encoding='utf-8'?>

<experiment>
<series name="20130502_elt-1_L4"/>
<date date="20130503"/>
<person name="azach"/>
<strain name="RW"/>
<treatments desc="n/a"/>
<redsig value="n/a"/>
<imageloc loc="/gpfs/fs0/u/azach/images//20130502_elt-1_L4"/>
<timepts num="263"/>
<annots loc="/gpfs/fs0/u/azach/images//20130502_elt-1_L4"/>
<acetree config="20130502_elt-1_L4.xml"/>
<editedby name="ALZ"/>
<editedtimepts num="25"/>
<editedcells num="26"/>
<checkedby name="n/a"/>
<comments text="n/a"/>
<status case="deleted"/>
</experiment>
