<?xml version='1.0' encoding='utf-8'?>

<experiment>
<series name="20130424_tbx-9_lit-1i_L1"/>
<date date="20130425"/>
<person name="azach"/>
<strain name="n/a"/>
<treatments desc="n/a"/>
<redsig value="n/a"/>
<imageloc loc="/gpfs/fs0/u/azach/images//20130424_tbx-9_lit-1i_L1"/>
<timepts num="260"/>
<annots loc="/gpfs/fs0/u/azach/images//20130424_tbx-9_lit-1i_L1"/>
<acetree config="20130424_tbx-9_lit-1i_L1.xml"/>
<editedby name="n/a"/>
<editedtimepts num="25"/>
<editedcells num="24"/>
<checkedby name="n/a"/>
<comments text="n/a"/>
<status case="new"/>
</experiment>
