<?xml version='1.0' encoding='utf-8'?>

<experiment>
<series name="20130601_6XTCF_L2"/>
<date date="20130603"/>
<person name="azach"/>
<strain name="n/a"/>
<treatments desc="n/a"/>
<redsig value="n/a"/>
<imageloc loc="/gpfs/fs0/u/azach/images//20130601_6XTCF_L2"/>
<timepts num="270"/>
<annots loc="/gpfs/fs0/u/azach/images//20130601_6XTCF_L2"/>
<acetree config="20130601_6XTCF_L2.xml"/>
<editedby name="n/a"/>
<editedtimepts num="55"/>
<editedcells num="51"/>
<checkedby name="n/a"/>
<comments text="n/a"/>
<status case="new"/>
</experiment>
