<?xml version='1.0' encoding='utf-8'?>

<experiment>
<series name="20130305_JIM113_L4"/>
<date date="20130306"/>
<person name="twal"/>
<strain name="JIM113"/>
<treatments desc="15C"/>
<redsig value="n/a"/>
<imageloc loc="/gpfs/fs0/u/twal/images//20130305_JIM113_L4"/>
<timepts num="246"/>
<annots loc="/gpfs/fs0/u/twal/images//20130305_JIM113_L4"/>
<acetree config="20130305_JIM113_L4.xml"/>
<editedby name="TW"/>
<editedtimepts num="125"/>
<editedcells num="47"/>
<checkedby name="n/a"/>
<comments text="n/a"/>
<status case="new"/>
</experiment>
