<?xml version='1.0' encoding='utf-8'?>

<experiment>
<series name="20131012_1XTCF_JIM221_L2"/>
<date date="20131015"/>
<person name="eliciap"/>
<strain name="JIM221"/>
<treatments desc="n/a"/>
<redsig value="n/a"/>
<imageloc loc="/gpfs/fs0/u/eliciap/images//20131012_1XTCF_JIM221_L2"/>
<timepts num="262"/>
<annots loc="/gpfs/fs0/u/eliciap/images//20131012_1XTCF_JIM221_L2"/>
<acetree config="20131012_1XTCF_JIM221_L2.xml"/>
<editedby name="AZ"/>
<editedtimepts num="10"/>
<editedcells num="12"/>
<checkedby name="n/a"/>
<comments text="skipping"/>
<status case="new"/>
</experiment>
