<?xml version='1.0' encoding='utf-8'?>

<experiment>
<series name="20130401_6xOtx_L2"/>
<date date="20130402"/>
<person name="twal"/>
<strain name="n/a"/>
<treatments desc="n/a"/>
<redsig value="Ex 6x Otx"/>
<imageloc loc="/gpfs/fs0/u/twal/images//20130401_6xOtx_L2"/>
<timepts num="269"/>
<annots loc="/gpfs/fs0/u/twal/images//20130401_6xOtx_L2"/>
<acetree config="20130401_6xOtx_L2.xml"/>
<editedby name="TW"/>
<editedtimepts num="100"/>
<editedcells num="n/a"/>
<checkedby name="n/a"/>
<comments text="doesnot hatch"/>
<status case="new"/>
</experiment>
