<?xml version='1.0' encoding='utf-8'?>

<experiment>
<series name="20130606_elt-6_sys-1i_L2"/>
<date date="20130608"/>
<person name="azach"/>
<strain name="n/a"/>
<treatments desc="n/a"/>
<redsig value="n/a"/>
<imageloc loc="/gpfs/fs0/u/azach/images//20130606_elt-6_sys-1i_L2"/>
<timepts num="262"/>
<annots loc="/gpfs/fs0/u/azach/images//20130606_elt-6_sys-1i_L2"/>
<acetree config="20130606_elt-6_sys-1i_L2.xml"/>
<editedby name="ALZ"/>
<editedtimepts num="10"/>
<editedcells num="8"/>
<checkedby name="n/a"/>
<comments text="n/a"/>
<status case="new"/>
</experiment>
