<?xml version='1.0' encoding='utf-8'?>

<experiment>
<series name="20130312_ceh-22_L3"/>
<date date="20130313"/>
<person name="azach"/>
<strain name="n/a"/>
<treatments desc="n/a"/>
<redsig value="n/a"/>
<imageloc loc="/gpfs/fs0/u/azach/images//20130312_ceh-22_L3"/>
<timepts num="269"/>
<annots loc="/gpfs/fs0/u/azach/images//20130312_ceh-22_L3"/>
<acetree config="20130312_ceh-22_L3.xml"/>
<editedby name="ALZ"/>
<editedtimepts num="50"/>
<editedcells num="52"/>
<checkedby name="n/a"/>
<comments text="n/a"/>
<status case="new"/>
</experiment>
