<?xml version='1.0' encoding='utf-8'?>

<experiment>
<series name="20130325_tbx-9_L3"/>
<date date="20130326"/>
<person name="azach"/>
<strain name="JIM188"/>
<treatments desc="n/a"/>
<redsig value="n/a"/>
<imageloc loc="/gpfs/fs0/u/azach/images//20130325_tbx-9_L3"/>
<timepts num="240"/>
<annots loc="/gpfs/fs0/u/azach/images//20130325_tbx-9_L3"/>
<acetree config="20130325_tbx-9_L3.xml"/>
<editedby name="ALZ"/>
<editedtimepts num="172"/>
<editedcells num="381"/>
<checkedby name="155,MS:172"/>
<comments text="n/a"/>
<status case="arc1"/>
</experiment>
