<?xml version='1.0' encoding='utf-8'?>

<experiment>
<series name="20130626_ceh-27BS_JIM208_L4"/>
<date date="20130716"/>
<person name="eliciap"/>
<strain name="n/a"/>
<treatments desc="n/a"/>
<redsig value="n/a"/>
<imageloc loc="/gpfs/fs0/u/eliciap/images//20130626_ceh-27BS_JIM208_L4"/>
<timepts num="269"/>
<annots loc="/gpfs/fs0/u/eliciap/images//20130626_ceh-27BS_JIM208_L4"/>
<acetree config="20130626_ceh-27BS_JIM208_L4.xml"/>
<editedby name="n/a"/>
<editedtimepts num="n/a"/>
<editedcells num="n/a"/>
<checkedby name="n/a"/>
<comments text="early arrest"/>
<status case="new"/>
</experiment>
