<?xml version='1.0' encoding='utf-8'?>

<experiment>
<series name="20130514_end-1_L3"/>
<date date="20130516"/>
<person name="azach"/>
<strain name="n/a"/>
<treatments desc="n/a"/>
<redsig value="n/a"/>
<imageloc loc="/gpfs/fs0/u/azach/images//20130514_end-1_L3"/>
<timepts num="259"/>
<annots loc="/gpfs/fs0/u/azach/images//20130514_end-1_L3"/>
<acetree config="20130514_end-1_L3.xml"/>
<editedby name="n/a"/>
<editedtimepts num="30"/>
<editedcells num="26"/>
<checkedby name="n/a"/>
<comments text="n/a"/>
<status case="new"/>
</experiment>
