<?xml version='1.0' encoding='utf-8'?>

<experiment>
<series name="20130226_SM2270_L2"/>
<date date="20130301"/>
<person name="jmurr"/>
<strain name="SM2270"/>
<treatments desc="bright late GFP settings"/>
<redsig value="ZEN-4"/>
<imageloc loc="/gpfs/fs0/u/jmurr/images//20130226_SM2270_L2"/>
<timepts num="270"/>
<annots loc="/gpfs/fs0/u/jmurr/images//20130226_SM2270_L2"/>
<acetree config="20130226_SM2270_L2.xml"/>
<editedby name="n/a"/>
<editedtimepts num="n/a"/>
<editedcells num="n/a"/>
<checkedby name="n/a"/>
<comments text="cut off but AB phx OK - needs new snite"/>
<status case="new"/>
</experiment>
