<?xml version='1.0' encoding='utf-8'?>

<experiment>
<series name="20130311_ceh-22_L1"/>
<date date="20130312"/>
<person name="azach"/>
<strain name="RW11662"/>
<treatments desc="n/a"/>
<redsig value="n/a"/>
<imageloc loc="/gpfs/fs0/u/azach/images//20130311_ceh-22_L1"/>
<timepts num="261"/>
<annots loc="/gpfs/fs0/u/azach/images//20130311_ceh-22_L1"/>
<acetree config="20130311_ceh-22_L1.xml"/>
<editedby name="n/a"/>
<editedtimepts num="n/a"/>
<editedcells num="n/a"/>
<checkedby name="n/a"/>
<comments text="arrests at 2-fold"/>
<status case="deleted"/>
</experiment>
