<?xml version='1.0' encoding='utf-8'?>

<experiment>
<series name="20130624_6xTCF_L4"/>
<date date="20130625"/>
<person name="azach"/>
<strain name="JIM207"/>
<treatments desc="n/a"/>
<redsig value="n/a"/>
<imageloc loc="/gpfs/fs0/u/azach/images//20130624_6xTCF_L4"/>
<timepts num="210"/>
<annots loc="/gpfs/fs0/u/azach/images//20130624_6xTCF_L4"/>
<acetree config="20130624_6xTCF_L4.xml"/>
<editedby name="n/a"/>
<editedtimepts num="n/a"/>
<editedcells num="n/a"/>
<checkedby name="n/a"/>
<comments text="config file not found"/>
<status case="new"/>
</experiment>
