<?xml version='1.0' encoding='utf-8'?>

<experiment>
<series name="20130423_unc-120_pop-1i_L1"/>
<date date="20130423"/>
<person name="azach"/>
<strain name="JIM"/>
<treatments desc="n/a"/>
<redsig value="n/a"/>
<imageloc loc="/gpfs/fs0/u/azach/images//20130423_unc-120_pop-1i_L1"/>
<timepts num="185"/>
<annots loc="/gpfs/fs0/u/azach/images//20130423_unc-120_pop-1i_L1"/>
<acetree config="20130423_unc-120_pop-1i_L1.xml"/>
<editedby name="n/a"/>
<editedtimepts num="n/a"/>
<editedcells num="n/a"/>
<checkedby name="n/a"/>
<comments text="n/a"/>
<status case="deleted"/>
</experiment>
