<?xml version='1.0' encoding='utf-8'?>

<experiment>
<series name="20140611_JIM282_mom-4i_L1"/>
<date date="20140612"/>
<person name="azach"/>
<strain name="JIM282"/>
<treatments desc="mom-4RNAi "/>
<redsig value="sys-1 in mig-14(or78)"/>
<imageloc loc="/gpfs/fs0/u/azach/images//20140611_JIM282_mom-4i_L1"/>
<timepts num="217"/>
<annots loc="/gpfs/fs0/u/azach/images//20140611_JIM282_mom-4i_L1"/>
<acetree config="20140611_JIM282_mom-4i_L1.xml"/>
<editedby name="n/a"/>
<editedtimepts num="n/a"/>
<editedcells num="n/a"/>
<checkedby name="n/a"/>
<comments text="24cell"/>
<status case="new"/>
</experiment>
