<?xml version='1.0' encoding='utf-8'?>

<experiment>
<series name="20140605_sys-1_L1"/>
<date date="20140606"/>
<person name="azach"/>
<strain name="JIM166"/>
<treatments desc="n/a"/>
<redsig value="sys-1"/>
<imageloc loc="/gpfs/fs0/u/azach/images//20140605_sys-1_L1"/>
<timepts num="211"/>
<annots loc="/gpfs/fs0/u/azach/images//20140605_sys-1_L1"/>
<acetree config="20140605_sys-1_L1.xml"/>
<editedby name="ALZ"/>
<editedtimepts num="135"/>
<editedcells num="368"/>
<checkedby name="n/a"/>
<comments text="135 but 102 for 200"/>
<status case="new"/>
</experiment>
