<?xml version='1.0' encoding='utf-8'?>

<experiment>
<series name="20140416_mom-2_lit-1i_L3"/>
<date date="20140416"/>
<person name="azach"/>
<strain name="JIM263"/>
<treatments desc="n/a"/>
<redsig value="n/a"/>
<imageloc loc="/gpfs/fs0/u/azach/images//20140416_mom-2_lit-1i_L3"/>
<timepts num="201"/>
<annots loc="/gpfs/fs0/u/azach/images//20140416_mom-2_lit-1i_L3"/>
<acetree config="20140416_mom-2_lit-1i_L3.xml"/>
<editedby name="ALZ"/>
<editedtimepts num="84"/>
<editedcells num="113"/>
<checkedby name="n/a"/>
<comments text="pretty good mom, 5"/>
<status case="new"/>
</experiment>
