<?xml version='1.0' encoding='utf-8'?>

<experiment>
<series name="20140207_sys-1_mom-2i_L3"/>
<date date="20140207"/>
<person name="azach"/>
<strain name="JIM166"/>
<treatments desc="mom-2 RNAi"/>
<redsig value="n/a"/>
<imageloc loc="/gpfs/fs0/u/azach/images//20140207_sys-1_mom-2i_L3"/>
<timepts num="240"/>
<annots loc="/gpfs/fs0/u/azach/images//20140207_sys-1_mom-2i_L3"/>
<acetree config="20140207_sys-1_mom-2i_L3.xml"/>
<editedby name="n/a"/>
<editedtimepts num="n/a"/>
<editedcells num="n/a"/>
<checkedby name="n/a"/>
<comments text="EMS normal"/>
<status case="del1"/>
</experiment>
