<?xml version='1.0' encoding='utf-8'?>

<experiment>
<series name="20140627_sys-1_HS_L2"/>
<date date="20140630"/>
<person name="azach"/>
<strain name="JIM166"/>
<treatments desc="HS on stage"/>
<redsig value="n/a"/>
<imageloc loc="/gpfs/fs0/u/azach/images//20140627_sys-1_HS_L2"/>
<timepts num="270"/>
<annots loc="/gpfs/fs0/u/azach/images//20140627_sys-1_HS_L2"/>
<acetree config="20140627_sys-1_HS_L2.xml"/>
<editedby name="n/a"/>
<editedtimepts num="n/a"/>
<editedcells num="n/a"/>
<checkedby name="n/a"/>
<comments text="hatches but edge"/>
<status case="new"/>
</experiment>
