<?xml version='1.0' encoding='utf-8'?>

<experiment>
<series name="20140325_vab-3_L1"/>
<date date="20140326"/>
<person name="azach"/>
<strain name="JIM269"/>
<treatments desc="n/a"/>
<redsig value="n/a"/>
<imageloc loc="/gpfs/fs0/u/azach/images//20140325_vab-3_L1"/>
<timepts num="265"/>
<annots loc="/gpfs/fs0/u/azach/images//20140325_vab-3_L1"/>
<acetree config="20140325_vab-3_L1.xml"/>
<editedby name="n/a"/>
<editedtimepts num="n/a"/>
<editedcells num="n/a"/>
<checkedby name="n/a"/>
<comments text="n/a"/>
<status case="new"/>
</experiment>
