<?xml version='1.0' encoding='utf-8'?>

<experiment>
<series name="20141021_pop-1_L3"/>
<date date="20141022"/>
<person name="azach"/>
<strain name="JIM291"/>
<treatments desc="n/a"/>
<redsig value="n/a"/>
<imageloc loc="/gpfs/fs0/u/azach/images//20141021_pop-1_L3"/>
<timepts num="258"/>
<annots loc="/gpfs/fs0/u/azach/images//20141021_pop-1_L3"/>
<acetree config="20141021_pop-1_L3.xml"/>
<editedby name="ALZ"/>
<editedtimepts num="145"/>
<editedcells num="356"/>
<checkedby name="140,C:145"/>
<comments text="brighter than L1"/>
<status case="new"/>
</experiment>
