<?xml version='1.0' encoding='utf-8'?>

<experiment>
<series name="20141026_pop-1_L3"/>
<date date="20141028"/>
<person name="azach"/>
<strain name="JIM291"/>
<treatments desc="n/a"/>
<redsig value="n/a"/>
<imageloc loc="/gpfs/fs0/u/azach/images//20141026_pop-1_L3"/>
<timepts num="260"/>
<annots loc="/gpfs/fs0/u/azach/images//20141026_pop-1_L3"/>
<acetree config="20141026_pop-1_L3.xml"/>
<editedby name="ALZ"/>
<editedtimepts num="132"/>
<editedcells num="365"/>
<checkedby name="125,C:132,E:132"/>
<comments text="hatches"/>
<status case="new"/>
</experiment>
