<?xml version='1.0' encoding='utf-8'?>

<experiment>
<series name="20140128_nob-1_JIM149_L4"/>
<date date="20140129"/>
<person name="eliciap"/>
<strain name="JIM149"/>
<treatments desc="n/a"/>
<redsig value="n/a"/>
<imageloc loc="/gpfs/fs0/u/eliciap/images//20140128_nob-1_JIM149_L4"/>
<timepts num="258"/>
<annots loc="/gpfs/fs0/u/eliciap/images//20140128_nob-1_JIM149_L4"/>
<acetree config="20140128_nob-1_JIM149_L4.xml"/>
<editedby name="EAP"/>
<editedtimepts num="n/a"/>
<editedcells num="n/a"/>
<checkedby name="n/a"/>
<comments text="cut off plane 1"/>
<status case="del1"/>
</experiment>
