<?xml version='1.0' encoding='utf-8'?>

<experiment>
<series name="20140619_JIM282_mom-4i_L1"/>
<date date="20140621"/>
<person name="azach"/>
<strain name="JIM282"/>
<treatments desc="mom-4 RNAi"/>
<redsig value="sys-1 in mig-14(or78)"/>
<imageloc loc="/gpfs/fs0/u/azach/images//20140619_JIM282_mom-4i_L1"/>
<timepts num="203"/>
<annots loc="/gpfs/fs0/u/azach/images//20140619_JIM282_mom-4i_L1"/>
<acetree config="20140619_JIM282_mom-4i_L1.xml"/>
<editedby name="ALZ"/>
<editedtimepts num="124"/>
<editedcells num="389"/>
<checkedby name="n/a"/>
<comments text="165, very MOM"/>
<status case="new"/>
</experiment>
