<?xml version='1.0' encoding='utf-8'?>

<experiment>
<series name="20140519_ceh-36_del1-2_array_L3"/>
<date date="20140520"/>
<person name="azach"/>
<strain name="JIM275"/>
<treatments desc="n/a"/>
<redsig value="n/a"/>
<imageloc loc="/gpfs/fs0/u/azach/images//20140519_ceh-36_del1-2_array_L3"/>
<timepts num="267"/>
<annots loc="/gpfs/fs0/u/azach/images//20140519_ceh-36_del1-2_array_L3"/>
<acetree config="20140519_ceh-36_del1-2_array_L3.xml"/>
<editedby name="n/a"/>
<editedtimepts num="n/a"/>
<editedcells num="n/a"/>
<checkedby name="n/a"/>
<comments text="n/a"/>
<status case="new"/>
</experiment>
