<?xml version='1.0' encoding='utf-8'?>

<experiment>
<series name="20141112_JIM293_ceh-36_L2"/>
<date date="20141115"/>
<person name="azach"/>
<strain name="JIM293"/>
<treatments desc="ceh-36(ok795)"/>
<redsig value="CEH-36::GFP;MLS-2::GFP"/>
<imageloc loc="/gpfs/fs0/u/azach/images//20141112_JIM293_ceh-36_L2"/>
<timepts num="172"/>
<annots loc="/gpfs/fs0/u/azach/images//20141112_JIM293_ceh-36_L2"/>
<acetree config="20141112_JIM293_ceh-36_L2.xml"/>
<editedby name="n/a"/>
<editedtimepts num="n/a"/>
<editedcells num="n/a"/>
<checkedby name="n/a"/>
<comments text="Badly cut off"/>
<status case="new"/>
</experiment>
