<?xml version='1.0' encoding='utf-8'?>

<experiment>
<series name="20140910_sys-1_mom-4i_L3"/>
<date date="20140910"/>
<person name="azach"/>
<strain name="JIM166"/>
<treatments desc="n/a"/>
<redsig value="n/a"/>
<imageloc loc="/gpfs/fs0/u/azach/images//20140910_sys-1_mom-4i_L3"/>
<timepts num="167"/>
<annots loc="/gpfs/fs0/u/azach/images//20140910_sys-1_mom-4i_L3"/>
<acetree config="20140910_sys-1_mom-4i_L3.xml"/>
<editedby name="n/a"/>
<editedtimepts num="n/a"/>
<editedcells num="n/a"/>
<checkedby name="n/a"/>
<comments text="n/a"/>
<status case="new"/>
</experiment>
