<?xml version='1.0' encoding='utf-8'?>

<experiment>
<series name="20141218_JIM113_coma_L1"/>
<date date="20141219"/>
<person name="azach"/>
<strain name="JIM113"/>
<treatments desc="comamonas bacteria"/>
<redsig value="n/a"/>
<imageloc loc="/gpfs/fs0/u/azach/images//20141218_JIM113_coma_L1"/>
<timepts num="270"/>
<annots loc="/gpfs/fs0/u/azach/images//20141218_JIM113_coma_L1"/>
<acetree config="20141218_JIM113_coma_L1.xml"/>
<editedby name="ALZ"/>
<editedtimepts num="145"/>
<editedcells num="360"/>
<checkedby name="n/a"/>
<comments text="shakey, not great for late"/>
<status case="new"/>
</experiment>
