<?xml version='1.0' encoding='utf-8'?>

<experiment>
<series name="20140617_sys-1_HS_sfrp-1_L4"/>
<date date="20140618"/>
<person name="azach"/>
<strain name="JIM270"/>
<treatments desc="HS on stage at TP30"/>
<redsig value="n/a"/>
<imageloc loc="/gpfs/fs0/u/azach/images//20140617_sys-1_HS_sfrp-1_L4"/>
<timepts num="263"/>
<annots loc="/gpfs/fs0/u/azach/images//20140617_sys-1_HS_sfrp-1_L4"/>
<acetree config="20140617_sys-1_HS_sfrp-1_L4.xml"/>
<editedby name="ALZ"/>
<editedtimepts num="180"/>
<editedcells num="350"/>
<checkedby name="172,P1:180"/>
<comments text="elongates but doesn't hatch,cutoff lost branch of ABala"/>
<status case="new"/>
</experiment>
