<?xml version='1.0' encoding='utf-8'?>

<experiment>
<series name="20140217_SM2373_L3"/>
<date date="20140312"/>
<person name="eliciap"/>
<strain name="SM2373"/>
<treatments desc="n/a"/>
<redsig value="no rescue"/>
<imageloc loc="/gpfs/fs0/u/eliciap/images//20140217_SM2373_L3"/>
<timepts num="270"/>
<annots loc="/gpfs/fs0/u/eliciap/images//20140217_SM2373_L3"/>
<acetree config="20140217_SM2373_L3.xml"/>
<editedby name="170,ABalp:220,ABar:220,ABpl:220,ABpr:180,P1:180"/>
<editedtimepts num="220"/>
<editedcells num="183"/>
<checkedby name="170,ABalp:220,ABar:220,ABpl:220,ABpr:180,P1:180"/>
<comments text="no balancer. undeleted"/>
<status case="new"/>
</experiment>
