<?xml version='1.0' encoding='utf-8'?>

<experiment>
<series name="20140911_sys-1_lit-1i_L1"/>
<date date="20140912"/>
<person name="azach"/>
<strain name="JIM166"/>
<treatments desc="lit-1 RNAi"/>
<redsig value="n/a"/>
<imageloc loc="/gpfs/fs0/u/azach/images//20140911_sys-1_lit-1i_L1"/>
<timepts num="270"/>
<annots loc="/gpfs/fs0/u/azach/images//20140911_sys-1_lit-1i_L1"/>
<acetree config="20140911_sys-1_lit-1i_L1.xml"/>
<editedby name="ALZ"/>
<editedtimepts num="50"/>
<editedcells num="52"/>
<checkedby name="n/a"/>
<comments text="MOM 2"/>
<status case="new"/>
</experiment>
