<?xml version='1.0' encoding='utf-8'?>

<experiment>
<series name="20140908_egl-20_L2"/>
<date date="20140909"/>
<person name="azach"/>
<strain name="JIM265"/>
<treatments desc="n/a"/>
<redsig value="n/a"/>
<imageloc loc="/gpfs/fs0/u/azach/images//20140908_egl-20_L2"/>
<timepts num="257"/>
<annots loc="/gpfs/fs0/u/azach/images//20140908_egl-20_L2"/>
<acetree config="20140908_egl-20_L2.xml"/>
<editedby name="n/a"/>
<editedtimepts num="n/a"/>
<editedcells num="n/a"/>
<checkedby name="n/a"/>
<comments text="no tg"/>
<status case="deleted"/>
</experiment>
