<?xml version='1.0' encoding='utf-8'?>

<experiment>
<series name="20140616_poptop_HS_sys-1_L2"/>
<date date="20140618"/>
<person name="azach"/>
<strain name="JIM126"/>
<treatments desc="n/a"/>
<redsig value="n/a"/>
<imageloc loc="/gpfs/fs0/u/azach/images//20140616_poptop_HS_sys-1_L2"/>
<timepts num="265"/>
<annots loc="/gpfs/fs0/u/azach/images//20140616_poptop_HS_sys-1_L2"/>
<acetree config="20140616_poptop_HS_sys-1_L2.xml"/>
<editedby name="ALZ"/>
<editedtimepts num="120"/>
<editedcells num="192"/>
<checkedby name="n/a"/>
<comments text="edited across jump, weak expression\"/>
<status case="new"/>
</experiment>
