<?xml version='1.0' encoding='utf-8'?>

<experiment>
<series name="20140113_SM2372_L3"/>
<date date="20140128"/>
<person name="eliciap"/>
<strain name="SM2372"/>
<treatments desc="n/a"/>
<redsig value="n/a"/>
<imageloc loc="/gpfs/fs0/u/eliciap/images//20140113_SM2372_L3"/>
<timepts num="260"/>
<annots loc="/gpfs/fs0/u/eliciap/images//20140113_SM2372_L3"/>
<acetree config="20140113_SM2372_L3.xml"/>
<editedby name="EAP"/>
<editedtimepts num="n/a"/>
<editedcells num="n/a"/>
<checkedby name="n/a"/>
<comments text="Arrest"/>
<status case="del1"/>
</experiment>
