<?xml version='1.0' encoding='utf-8'?>

<experiment>
<series name="20141029_cwn-2_L3"/>
<date date="20141101"/>
<person name="azach"/>
<strain name="JIM262"/>
<treatments desc="n/a"/>
<redsig value="n/a"/>
<imageloc loc="/gpfs/fs0/u/azach/images//20141029_cwn-2_L3"/>
<timepts num="270"/>
<annots loc="/gpfs/fs0/u/azach/images//20141029_cwn-2_L3"/>
<acetree config="20141029_cwn-2_L3.xml"/>
<editedby name="n/a"/>
<editedtimepts num="n/a"/>
<editedcells num="n/a"/>
<checkedby name="n/a"/>
<comments text="no tg"/>
<status case="deleted"/>
</experiment>
