<?xml version='1.0' encoding='utf-8'?>

<experiment>
<series name="20140529_poptop_HS_L4"/>
<date date="20140530"/>
<person name="azach"/>
<strain name="JIM115"/>
<treatments desc="n/a"/>
<redsig value="n/a"/>
<imageloc loc="/gpfs/fs0/u/azach/images//20140529_poptop_HS_L4"/>
<timepts num="260"/>
<annots loc="/gpfs/fs0/u/azach/images//20140529_poptop_HS_L4"/>
<acetree config="20140529_poptop_HS_L4.xml"/>
<editedby name="n/a"/>
<editedtimepts num="n/a"/>
<editedcells num="n/a"/>
<checkedby name="n/a"/>
<comments text="no elongation"/>
<status case="new"/>
</experiment>
