<?xml version='1.0' encoding='utf-8'?>

<experiment>
<series name="20140422_JIM113_coma_L2"/>
<date date="20140429"/>
<person name="azach"/>
<strain name="JIM113"/>
<treatments desc="comamonas bacteria food"/>
<redsig value="n/a"/>
<imageloc loc="/gpfs/fs0/u/azach/images//20140422_JIM113_coma_L2"/>
<timepts num="263"/>
<annots loc="/gpfs/fs0/u/azach/images//20140422_JIM113_coma_L2"/>
<acetree config="20140422_JIM113_coma_L2.xml"/>
<editedby name="n/a"/>
<editedtimepts num="n/a"/>
<editedcells num="n/a"/>
<checkedby name="n/a"/>
<comments text="n/a"/>
<status case="new"/>
</experiment>
