<?xml version='1.0' encoding='utf-8'?>

<experiment>
<series name="20140203_sys-1_lit-1i_3frame_L1"/>
<date date="20140205"/>
<person name="azach"/>
<strain name="JIM166"/>
<treatments desc="n/a"/>
<redsig value="n/a"/>
<imageloc loc="/gpfs/fs0/u/azach/images//20140203_sys-1_lit-1i_3frame_L1"/>
<timepts num="259"/>
<annots loc="/gpfs/fs0/u/azach/images//20140203_sys-1_lit-1i_3frame_L1"/>
<acetree config="20140203_sys-1_lit-1i_3frame_L1.xml"/>
<editedby name="n/a"/>
<editedtimepts num="60"/>
<editedcells num="111"/>
<checkedby name="n/a"/>
<comments text="MOM 0"/>
<status case="new"/>
</experiment>
