<?xml version='1.0' encoding='utf-8'?>

<experiment>
<series name="20141119_JIM293_ceh-36_night_L1"/>
<date date="20141201"/>
<person name="azach"/>
<strain name="JIM293"/>
<treatments desc="n/a"/>
<redsig value="n/a"/>
<imageloc loc="/gpfs/fs0/u/azach/images//20141119_JIM293_ceh-36_night_L1"/>
<timepts num="261"/>
<annots loc="/gpfs/fs0/u/azach/images//20141119_JIM293_ceh-36_night_L1"/>
<acetree config="20141119_JIM293_ceh-36_night_L1.xml"/>
<editedby name="JIM"/>
<editedtimepts num="40"/>
<editedcells num="16"/>
<checkedby name="n/a"/>
<comments text="drifts out of field at 16 cell stage"/>
<status case="deleted"/>
</experiment>
