<?xml version='1.0' encoding='utf-8'?>

<experiment>
<series name="20140226_sys-1_pop-1i_L4"/>
<date date="20140227"/>
<person name="azach"/>
<strain name="n/a"/>
<treatments desc="n/a"/>
<redsig value="n/a"/>
<imageloc loc="/gpfs/fs0/u/azach/images//20140226_sys-1_pop-1i_L4"/>
<timepts num="240"/>
<annots loc="/gpfs/fs0/u/azach/images//20140226_sys-1_pop-1i_L4"/>
<acetree config="20140226_sys-1_pop-1i_L4.xml"/>
<editedby name="n/a"/>
<editedtimepts num="n/a"/>
<editedcells num="n/a"/>
<checkedby name="n/a"/>
<comments text="n/a"/>
<status case="new"/>
</experiment>
