<?xml version='1.0' encoding='utf-8'?>

<experiment>
<series name="20140815_JIM283_mom-2i_L1"/>
<date date="20140816"/>
<person name="azach"/>
<strain name="JIM283"/>
<treatments desc="mom-2 RNAi"/>
<redsig value="venus::sys-1 in cwn-1/2 mutant"/>
<imageloc loc="/gpfs/fs0/u/azach/images//20140815_JIM283_mom-2i_L1"/>
<timepts num="184"/>
<annots loc="/gpfs/fs0/u/azach/images//20140815_JIM283_mom-2i_L1"/>
<acetree config="20140815_JIM283_mom-2i_L1.xml"/>
<editedby name="ALZ"/>
<editedtimepts num="50"/>
<editedcells num="52"/>
<checkedby name="n/a"/>
<comments text="weak MOM 39"/>
<status case="new"/>
</experiment>
