<?xml version='1.0' encoding='utf-8'?>

<experiment>
<series name="20140826_unc-30_JIM286_L1"/>
<date date="20140828"/>
<person name="jmurr"/>
<strain name="JIM286"/>
<treatments desc="unc-30(ok613)"/>
<redsig value="n/a"/>
<imageloc loc="/gpfs/fs0/u/jmurr/images//20140826_unc-30_JIM286_L1"/>
<timepts num="258"/>
<annots loc="/gpfs/fs0/u/jmurr/images//20140826_unc-30_JIM286_L1"/>
<acetree config="20140826_unc-30_JIM286_L1.xml"/>
<editedby name="JIM/EAP"/>
<editedtimepts num="150"/>
<editedcells num="189"/>
<checkedby name="n/a"/>
<comments text="no hatch. pretty good for late editing"/>
<status case="new"/>
</experiment>
