<?xml version='1.0' encoding='utf-8'?>

<experiment>
<series name="20140415_sys-1_mig-14_or78_L3"/>
<date date="20140417"/>
<person name="azach"/>
<strain name="JIM151xJIM166"/>
<treatments desc="n/a"/>
<redsig value="n/a"/>
<imageloc loc="/gpfs/fs0/u/azach/images//20140415_sys-1_mig-14_or78_L3"/>
<timepts num="262"/>
<annots loc="/gpfs/fs0/u/azach/images//20140415_sys-1_mig-14_or78_L3"/>
<acetree config="20140415_sys-1_mig-14_or78_L3.xml"/>
<editedby name="ALZ"/>
<editedtimepts num="155"/>
<editedcells num="212"/>
<checkedby name="n/a"/>
<comments text="MOM 2, but MS slow"/>
<status case="new"/>
</experiment>
