<?xml version='1.0' encoding='utf-8'?>

<experiment>
<series name="20140227_SM2373_L1"/>
<date date="20140305"/>
<person name="eliciap"/>
<strain name="SM2373"/>
<treatments desc="n/a"/>
<redsig value="n/a"/>
<imageloc loc="/gpfs/fs0/u/eliciap/images//20140227_SM2373_L1"/>
<timepts num="259"/>
<annots loc="/gpfs/fs0/u/eliciap/images//20140227_SM2373_L1"/>
<acetree config="20140227_SM2373_L1.xml"/>
<editedby name="EAP"/>
<editedtimepts num="n/a"/>
<editedcells num="n/a"/>
<checkedby name="n/a"/>
<comments text="cut off in x and y and p1"/>
<status case="del1"/>
</experiment>
