<?xml version='1.0' encoding='utf-8'?>

<experiment>
<series name="20140417_cwn-1_pop-1i_L4"/>
<date date="20140418"/>
<person name="azach"/>
<strain name="RW10177"/>
<treatments desc="n/a"/>
<redsig value="n/a"/>
<imageloc loc="/gpfs/fs0/u/azach/images//20140417_cwn-1_pop-1i_L4"/>
<timepts num="221"/>
<annots loc="/gpfs/fs0/u/azach/images//20140417_cwn-1_pop-1i_L4"/>
<acetree config="20140417_cwn-1_pop-1i_L4.xml"/>
<editedby name="ALZ"/>
<editedtimepts num="50"/>
<editedcells num="48"/>
<checkedby name="n/a"/>
<comments text="pop 9"/>
<status case="new"/>
</experiment>
