<?xml version='1.0' encoding='utf-8'?>

<experiment>
<series name="20140129_nopb-1_JIM149_L2"/>
<date date="20140130"/>
<person name="eliciap"/>
<strain name="JIM149"/>
<treatments desc="n/a"/>
<redsig value="n/a"/>
<imageloc loc="/gpfs/fs0/u/eliciap/images//20140129_nopb-1_JIM149_L2"/>
<timepts num="259"/>
<annots loc="/gpfs/fs0/u/eliciap/images//20140129_nopb-1_JIM149_L2"/>
<acetree config="20140129_nopb-1_JIM149_L2.xml"/>
<editedby name="EAP"/>
<editedtimepts num="n/a"/>
<editedcells num="n/a"/>
<checkedby name="n/a"/>
<comments text="n/a"/>
<status case="del1"/>
</experiment>
