<?xml version='1.0' encoding='utf-8'?>

<experiment>
<series name="20140515_pophhop_L3"/>
<date date="20140516"/>
<person name="azach"/>
<strain name="JIM272"/>
<treatments desc="n/a"/>
<redsig value="n/a"/>
<imageloc loc="/gpfs/fs0/u/azach/images//20140515_pophhop_L3"/>
<timepts num="265"/>
<annots loc="/gpfs/fs0/u/azach/images//20140515_pophhop_L3"/>
<acetree config="20140515_pophhop_L3.xml"/>
<editedby name="n/a"/>
<editedtimepts num="n/a"/>
<editedcells num="n/a"/>
<checkedby name="n/a"/>
<comments text="weak lineaging, tg+, hatches"/>
<status case="new"/>
</experiment>
