<?xml version='1.0' encoding='utf-8'?>

<experiment>
<series name="20141014_cwn-1_sys-1i_L2"/>
<date date="20141015"/>
<person name="azach"/>
<strain name="RW10177"/>
<treatments desc="n/a"/>
<redsig value="n/a"/>
<imageloc loc="/gpfs/fs0/u/azach/images//20141014_cwn-1_sys-1i_L2"/>
<timepts num="263"/>
<annots loc="/gpfs/fs0/u/azach/images//20141014_cwn-1_sys-1i_L2"/>
<acetree config="20141014_cwn-1_sys-1i_L2.xml"/>
<editedby name="ALZ"/>
<editedtimepts num="149"/>
<editedcells num="n/a"/>
<checkedby name="50,P1:110,P2:149"/>
<comments text="n/a"/>
<status case="new"/>
</experiment>
