<?xml version='1.0' encoding='utf-8'?>

<experiment>
<series name="20140610_JIM280_L2"/>
<date date="20140611"/>
<person name="azach"/>
<strain name="JIM280"/>
<treatments desc="ceh-36(ok795);unc-30(ok613)"/>
<redsig value="CEH-36::GFP,MLS-2::GFP"/>
<imageloc loc="/gpfs/fs0/u/azach/images//20140610_JIM280_L2"/>
<timepts num="240"/>
<annots loc="/gpfs/fs0/u/azach/images//20140610_JIM280_L2"/>
<acetree config="20140610_JIM280_L2.xml"/>
<editedby name="JIM"/>
<editedtimepts num="110"/>
<editedcells num="190"/>
<checkedby name="n/a"/>
<comments text="rescued, expresses mls-2::GFP in duct/pore, dorsal aspect"/>
<status case="new"/>
</experiment>
