<?xml version='1.0' encoding='utf-8'?>

<experiment>
<series name="20140423_ceh-36_del1-2_array_L4"/>
<date date="20140425"/>
<person name="azach"/>
<strain name="JIM274"/>
<treatments desc="n/a"/>
<redsig value="n/a"/>
<imageloc loc="/gpfs/fs0/u/azach/images//20140423_ceh-36_del1-2_array_L4"/>
<timepts num="265"/>
<annots loc="/gpfs/fs0/u/azach/images//20140423_ceh-36_del1-2_array_L4"/>
<acetree config="20140423_ceh-36_del1-2_array_L4.xml"/>
<editedby name="n/a"/>
<editedtimepts num="n/a"/>
<editedcells num="n/a"/>
<checkedby name="n/a"/>
<comments text="n/a"/>
<status case="new"/>
</experiment>
