<?xml version='1.0' encoding='utf-8'?>

<experiment>
<series name="20140208_SM237_3_L1"/>
<date date="20140210"/>
<person name="eliciap"/>
<strain name="SM2373"/>
<treatments desc="n/a"/>
<redsig value="n/a"/>
<imageloc loc="/gpfs/fs0/u/eliciap/images//20140208_SM237_3_L1"/>
<timepts num="270"/>
<annots loc="/gpfs/fs0/u/eliciap/images//20140208_SM237_3_L1"/>
<acetree config="20140208_SM237_3_L1.xml"/>
<editedby name="EAP"/>
<editedtimepts num="EAP"/>
<editedcells num="n/a"/>
<checkedby name="n/a"/>
<comments text="drifts out of view"/>
<status case="del1"/>
</experiment>
