<?xml version='1.0' encoding='utf-8'?>

<experiment>
<series name="20141220_JIM113_L2"/>
<date date="20150105"/>
<person name="azach"/>
<strain name="JIM113"/>
<treatments desc="n/a"/>
<redsig value="n/a"/>
<imageloc loc="/gpfs/fs0/u/azach/images//20141220_JIM113_L2"/>
<timepts num="249"/>
<annots loc="/gpfs/fs0/u/azach/images//20141220_JIM113_L2"/>
<acetree config="20141220_JIM113_L2.xml"/>
<editedby name="ALZ"/>
<editedtimepts num="140"/>
<editedcells num="355"/>
<checkedby name="n/a"/>
<comments text="n/a"/>
<status case="new"/>
</experiment>
