<?xml version='1.0' encoding='utf-8'?>

<experiment>
<series name="20140731_sys-1_HS_sfrp-1_L3"/>
<date date="20140804"/>
<person name="azach"/>
<strain name="JIM270"/>
<treatments desc="HS on stage"/>
<redsig value="n/a"/>
<imageloc loc="/gpfs/fs0/u/azach/images//20140731_sys-1_HS_sfrp-1_L3"/>
<timepts num="270"/>
<annots loc="/gpfs/fs0/u/azach/images//20140731_sys-1_HS_sfrp-1_L3"/>
<acetree config="20140731_sys-1_HS_sfrp-1_L3.xml"/>
<editedby name="n/a"/>
<editedtimepts num="n/a"/>
<editedcells num="n/a"/>
<checkedby name="n/a"/>
<comments text="arrests, bad shift"/>
<status case="new"/>
</experiment>
