<?xml version='1.0' encoding='utf-8'?>

<experiment>
<series name="20140619_sys-1_mom-5i_L1"/>
<date date="20140621"/>
<person name="azach"/>
<strain name="JIM166"/>
<treatments desc="mom-5 RNAi"/>
<redsig value="n/a"/>
<imageloc loc="/gpfs/fs0/u/azach/images//20140619_sys-1_mom-5i_L1"/>
<timepts num="264"/>
<annots loc="/gpfs/fs0/u/azach/images//20140619_sys-1_mom-5i_L1"/>
<acetree config="20140619_sys-1_mom-5i_L1.xml"/>
<editedby name="n/a"/>
<editedtimepts num="n/a"/>
<editedcells num="n/a"/>
<checkedby name="n/a"/>
<comments text="hatches"/>
<status case="new"/>
</experiment>
