<?xml version='1.0' encoding='utf-8'?>

<experiment>
<series name="20140204_sys-1_sys-1i_L1"/>
<date date="20140205"/>
<person name="azach"/>
<strain name="JIM166"/>
<treatments desc="n/a"/>
<redsig value="n/a"/>
<imageloc loc="/gpfs/fs0/u/azach/images//20140204_sys-1_sys-1i_L1"/>
<timepts num="201"/>
<annots loc="/gpfs/fs0/u/azach/images//20140204_sys-1_sys-1i_L1"/>
<acetree config="20140204_sys-1_sys-1i_L1.xml"/>
<editedby name="n/a"/>
<editedtimepts num="n/a"/>
<editedcells num="n/a"/>
<checkedby name="n/a"/>
<comments text="rotated, initial naming may not be right"/>
<status case="new"/>
</experiment>
