<?xml version='1.0' encoding='utf-8'?>

<experiment>
<series name="20140128_nob-1_JIM149_L3"/>
<date date="20140129"/>
<person name="eliciap"/>
<strain name="JIm149"/>
<treatments desc="n/a"/>
<redsig value="n/a"/>
<imageloc loc="/gpfs/fs0/u/eliciap/images//20140128_nob-1_JIM149_L3"/>
<timepts num="259"/>
<annots loc="/gpfs/fs0/u/eliciap/images//20140128_nob-1_JIM149_L3"/>
<acetree config="20140128_nob-1_JIM149_L3.xml"/>
<editedby name="EAP"/>
<editedtimepts num="n/a"/>
<editedcells num="n/a"/>
<checkedby name="n/a"/>
<comments text="cut off both ends in z"/>
<status case="del1"/>
</experiment>
