<?xml version='1.0' encoding='utf-8'?>

<experiment>
<series name="20141220_JIM113_L3"/>
<date date="20150105"/>
<person name="azach"/>
<strain name="JIM113"/>
<treatments desc="n/a"/>
<redsig value="n/a"/>
<imageloc loc="/gpfs/fs0/u/azach/images//20141220_JIM113_L3"/>
<timepts num="249"/>
<annots loc="/gpfs/fs0/u/azach/images//20141220_JIM113_L3"/>
<acetree config="20141220_JIM113_L3.xml"/>
<editedby name="DRP"/>
<editedtimepts num="145"/>
<editedcells num="350"/>
<checkedby name="n/a"/>
<comments text="n/a"/>
</experiment>
