<?xml version='1.0' encoding='utf-8'?>

<experiment>
<series name="20140911_sys-1_lit-1i_L2"/>
<date date="20140912"/>
<person name="azach"/>
<strain name="JIM166"/>
<treatments desc="lit-1 RNAi"/>
<redsig value="n/a"/>
<imageloc loc="/gpfs/fs0/u/azach/images//20140911_sys-1_lit-1i_L2"/>
<timepts num="270"/>
<annots loc="/gpfs/fs0/u/azach/images//20140911_sys-1_lit-1i_L2"/>
<acetree config="20140911_sys-1_lit-1i_L2.xml"/>
<editedby name="ALZ"/>
<editedtimepts num="100"/>
<editedcells num="215"/>
<checkedby name="n/a"/>
<comments text="MOM 1"/>
<status case="new"/>
</experiment>
