<?xml version='1.0' encoding='utf-8'?>

<experiment>
<series name="20140909_SM2373_L4"/>
<date date="20140911"/>
<person name="jmurr"/>
<strain name="n/a"/>
<treatments desc="n/a"/>
<redsig value="n/a"/>
<imageloc loc="/gpfs/fs0/u/jmurr/images//20140909_SM2373_L4"/>
<timepts num="261"/>
<annots loc="/gpfs/fs0/u/jmurr/images//20140909_SM2373_L4"/>
<acetree config="20140909_SM2373_L4.xml"/>
<editedby name="n/a"/>
<editedtimepts num="n/a"/>
<editedcells num="n/a"/>
<checkedby name="n/a"/>
<comments text="n/a"/>
<status case="new"/>
</experiment>
