<?xml version='1.0' encoding='utf-8'?>

<experiment>
<series name="20140604_JIM280_L2"/>
<date date="20140605"/>
<person name="azach"/>
<strain name="JIM280"/>
<treatments desc="ceh-36(ok795);unc-30(ok613)"/>
<redsig value="n/a"/>
<imageloc loc="/gpfs/fs0/u/azach/images//20140604_JIM280_L2"/>
<timepts num="234"/>
<annots loc="/gpfs/fs0/u/azach/images//20140604_JIM280_L2"/>
<acetree config="20140604_JIM280_L2.xml"/>
<editedby name="n/a"/>
<editedtimepts num="n/a"/>
<editedcells num="n/a"/>
<checkedby name="n/a"/>
<comments text="early arrest, next to blob of adult cells"/>
<status case="del1"/>
</experiment>
