<?xml version='1.0' encoding='utf-8'?>

<experiment>
<series name="20140828_sys-1_L2"/>
<date date="20140905"/>
<person name="azach"/>
<strain name="JIM166"/>
<treatments desc="n/a"/>
<redsig value="sys-1"/>
<imageloc loc="/gpfs/fs0/u/azach/images//20140828_sys-1_L2"/>
<timepts num="262"/>
<annots loc="/gpfs/fs0/u/azach/images//20140828_sys-1_L2"/>
<acetree config="20140828_sys-1_L2.xml"/>
<editedby name="n/a"/>
<editedtimepts num="n/a"/>
<editedcells num="n/a"/>
<checkedby name="n/a"/>
<comments text="n/a"/>
<status case="new"/>
</experiment>
