<?xml version='1.0' encoding='utf-8'?>

<experiment>
<series name="20141112_JIM293_ceh-36_L1"/>
<date date="20141115"/>
<person name="azach"/>
<strain name="JIM293"/>
<treatments desc="ceh-36(ok795)"/>
<redsig value="CEH-36::GFP;MLS-2::GFP"/>
<imageloc loc="/gpfs/fs0/u/azach/images//20141112_JIM293_ceh-36_L1"/>
<timepts num="173"/>
<annots loc="/gpfs/fs0/u/azach/images//20141112_JIM293_ceh-36_L1"/>
<acetree config="20141112_JIM293_ceh-36_L1.xml"/>
<editedby name="JIM"/>
<editedtimepts num="20"/>
<editedcells num="24"/>
<checkedby name="n/a"/>
<comments text="No ceh-36, appears to robustly express mls-2"/>
<status case="new"/>
</experiment>
