<?xml version='1.0' encoding='utf-8'?>

<experiment>
<series name="20150707_mCherry_sys-1_L3"/>
<date date="20150708"/>
<person name="azach"/>
<strain name="JIM311"/>
<treatments desc="n/a"/>
<redsig value="n/a"/>
<imageloc loc="/gpfs/fs0/u/azach/images//20150707_mCherry_sys-1_L3"/>
<timepts num="170"/>
<annots loc="/gpfs/fs0/u/azach/images//20150707_mCherry_sys-1_L3"/>
<acetree config="20150707_mCherry_sys-1_L3.xml"/>
<editedby name="TL"/>
<editedtimepts num="89"/>
<editedcells num="359"/>
<checkedby name="n/a"/>
<comments text="n/a"/>
<status case="new"/>
</experiment>
