<?xml version='1.0' encoding='utf-8'?>

<experiment>
<series name="20150205_ceh-13_lit-1ts_25C_L4"/>
<date date="20150206"/>
<person name="azach"/>
<strain name="JIM131"/>
<treatments desc="25*C starting at 2 cell"/>
<redsig value="n/a"/>
<imageloc loc="/gpfs/fs0/u/azach/images//20150205_ceh-13_lit-1ts_25C_L4"/>
<timepts num="260"/>
<annots loc="/gpfs/fs0/u/azach/images//20150205_ceh-13_lit-1ts_25C_L4"/>
<acetree config="20150205_ceh-13_lit-1ts_25C_L4.xml"/>
<editedby name="ALZ"/>
<editedtimepts num="75"/>
<editedcells num="50"/>
<checkedby name="n/a"/>
<comments text="not MOM, expression normal, arrests"/>
<status case="new"/>
</experiment>
