<?xml version='1.0' encoding='utf-8'?>

<experiment>
<series name="20151106_elt-1_pop-1i_L2"/>
<date date="20151107"/>
<person name="jrumley"/>
<strain name="RW11388"/>
<treatments desc="n/a"/>
<redsig value="n/a"/>
<imageloc loc="/gpfs/fs0/u/jrumley/images/20151106_elt-1_pop-1i_L2"/>
<timepts num="270"/>
<annots loc="/gpfs/fs0/u/jrumley/images/20151106_elt-1_pop-1i_L2"/>
<acetree config="20151106_elt-1_pop-1i_L2.xml"/>
<editedby name="JDR/IJ or LW"/>
<editedtimepts num="95"/>
<editedcells num="342"/>
<checkedby name="50,AB:95,C:95,MS:95"/>
<comments text="n/a"/>
<status case="new"/>
</experiment>
