<?xml version='1.0' encoding='utf-8'?>

<experiment>
<series name="20151103_tbx-35_L1"/>
<date date="20151105"/>
<person name="jrumley"/>
<strain name="RW10329"/>
<treatments desc="n/a"/>
<redsig value="n/a"/>
<imageloc loc="/gpfs/fs0/u/jrumley/images/20151103_tbx-35_L1"/>
<timepts num="263"/>
<annots loc="/gpfs/fs0/u/jrumley/images/20151103_tbx-35_L1"/>
<acetree config="20151103_tbx-35_L1.xml"/>
<editedby name="JDR"/>
<editedtimepts num="143"/>
<editedcells num="148"/>
<checkedby name="100,EMS:143,C:143"/>
<comments text="n/a"/>
<status case="new"/>
</experiment>
