<?xml version='1.0' encoding='utf-8'?>

<experiment>
<series name="20151123_JIM335_ceh-13_L1"/>
<date date="20151211"/>
<person name="eliciap"/>
<strain name="JIM335"/>
<treatments desc="n/a"/>
<redsig value="n/a"/>
<imageloc loc="/gpfs/fs0/u/eliciap/images/20151123_JIM335_ceh-13_L1"/>
<timepts num="259"/>
<annots loc="/gpfs/fs0/u/eliciap/images/20151123_JIM335_ceh-13_L1"/>
<acetree config="20151123_JIM335_ceh-13_L1.xml"/>
<editedby name="EAP"/>
<editedtimepts num="70"/>
<editedcells num="n/a"/>
<checkedby name="n/a"/>
<comments text="becomes dim at t061"/>
<status case="deleted"/>
</experiment>
