<?xml version='1.0' encoding='utf-8'?>

<experiment>
<series name="20150112_RW10890_pal-1_L2"/>
<date date="20150113"/>
<person name="azach"/>
<strain name="RW10890"/>
<treatments desc="n/a"/>
<redsig value="PAL-1"/>
<imageloc loc="/gpfs/fs0/u/azach/images//20150112_RW10890_pal-1_L2"/>
<timepts num="140"/>
<annots loc="/gpfs/fs0/u/azach/images//20150112_RW10890_pal-1_L2"/>
<acetree config="20150112_RW10890_pal-1_L2.xml"/>
<editedby name="RWT"/>
<editedtimepts num="80"/>
<editedcells num="156"/>
<checkedby name="n/a"/>
<comments text="started at 7cell"/>
<status case="new"/>
</experiment>
