<?xml version='1.0' encoding='utf-8'?>

<experiment>
<series name="20150516_sys-1_rsa-2i_L4"/>
<date date="20150516"/>
<person name="azach"/>
<strain name="JIM166"/>
<treatments desc="rsa-2 RNAi"/>
<redsig value="n/a"/>
<imageloc loc="/gpfs/fs0/u/azach/images//20150516_sys-1_rsa-2i_L4"/>
<timepts num="265"/>
<annots loc="/gpfs/fs0/u/azach/images//20150516_sys-1_rsa-2i_L4"/>
<acetree config="20150516_sys-1_rsa-2i_L4.xml"/>
<editedby name="ALZ"/>
<editedtimepts num="128"/>
<editedcells num="188"/>
<comments text="small, arrests"/>
<status case="new"/>
</experiment>
