<?xml version='1.0' encoding='utf-8'?>

<experiment>
<series name="20151026_tlp-1_enh77_L4"/>
<date date="20151026"/>
<person name="azach"/>
<strain name="JIM323"/>
<treatments desc="n/a"/>
<redsig value="n/a"/>
<imageloc loc="/gpfs/fs0/u/azach/images//20151026_tlp-1_enh77_L4"/>
<timepts num="240"/>
<annots loc="/gpfs/fs0/u/azach/images//20151026_tlp-1_enh77_L4"/>
<acetree config="20151026_tlp-1_enh77_L4.xml"/>
<editedby name="ALZ/TL"/>
<editedtimepts num="130"/>
<editedcells num="282"/>
<checkedby name="n/a"/>
<comments text="n/a"/>
<status case="new"/>
</experiment>
