<?xml version='1.0' encoding='utf-8'?>

<experiment>
<series name="20151109_ref-2_pop-1i_L2"/>
<date date="20151110"/>
<person name="jrumley"/>
<strain name="n/a"/>
<treatments desc="n/a"/>
<redsig value="n/a"/>
<imageloc loc="/gpfs/fs0/u/jrumley/images/20151109_ref-2_pop-1i_L2"/>
<timepts num="254"/>
<annots loc="/gpfs/fs0/u/jrumley/images/20151109_ref-2_pop-1i_L2"/>
<acetree config="20151109_ref-2_pop-1i_L2.xml"/>
<editedby name="JDR/IJ"/>
<editedtimepts num="140"/>
<editedcells num="342"/>
<checkedby name="50,ABala:140"/>
<comments text="n/a"/>
<status case="new"/>
</experiment>
