<?xml version='1.0' encoding='utf-8'?>

<experiment>
<series name="20151217_elt-1_sys-1i_L4"/>
<date date="20151219"/>
<person name="jrumley"/>
<strain name="RW10346"/>
<treatments desc="n/a"/>
<redsig value="n/a"/>
<imageloc loc="/gpfs/fs0/u/jrumley/images/20151217_elt-1_sys-1i_L4"/>
<timepts num="263"/>
<annots loc="/gpfs/fs0/u/jrumley/images/20151217_elt-1_sys-1i_L4"/>
<acetree config="20151217_elt-1_sys-1i_L4.xml"/>
<editedby name="JDR"/>
<editedtimepts num="150"/>
<editedcells num="8"/>
<checkedby name="50,C:150"/>
<comments text="C lineage edited to 31C"/>
<status case="new"/>
</experiment>
