<?xml version='1.0' encoding='utf-8'?>

<experiment>
<series name="20151016_tlp-1_enh4k_L3"/>
<date date="20151017"/>
<person name="azach"/>
<strain name="JIM324"/>
<treatments desc="n/a"/>
<redsig value="n/a"/>
<imageloc loc="/gpfs/fs0/u/azach/images//20151016_tlp-1_enh4k_L3"/>
<timepts num="185"/>
<annots loc="/gpfs/fs0/u/azach/images//20151016_tlp-1_enh4k_L3"/>
<acetree config="20151016_tlp-1_enh4k_L3.xml"/>
<editedby name="n/a"/>
<editedtimepts num="n/a"/>
<editedcells num="n/a"/>
<checkedby name="n/a"/>
<comments text="n/a"/>
<status case="deleted"/>
</experiment>
