<?xml version='1.0' encoding='utf-8'?>

<experiment>
<series name="20151121_elt-1_L2"/>
<date date="20151122"/>
<person name="jrumley"/>
<strain name="RW11388"/>
<treatments desc="n/a"/>
<redsig value="n/a"/>
<imageloc loc="/gpfs/fs0/u/jrumley/images/20151121_elt-1_L2"/>
<timepts num="259"/>
<annots loc="/gpfs/fs0/u/jrumley/images/20151121_elt-1_L2"/>
<acetree config="20151121_elt-1_L2.xml"/>
<editedby name="JDR"/>
<editedtimepts num="112"/>
<editedcells num="227"/>
<checkedby name="50,C:112,AB:112,MS:112"/>
<comments text="n/a"/>
<status case="new"/>
</experiment>
