<?xml version='1.0' encoding='utf-8'?>

<experiment>
<series name="20150611_sem-2_pop1i_L1"/>
<date date="20150612"/>
<person name="azach"/>
<strain name="RW11928"/>
<treatments desc="pop-1 RNAi"/>
<redsig value="n/a"/>
<imageloc loc="/gpfs/fs0/u/azach/images//20150611_sem-2_pop1i_L1"/>
<timepts num="192"/>
<annots loc="/gpfs/fs0/u/azach/images//20150611_sem-2_pop1i_L1"/>
<acetree config="20150611_sem-2_pop1i_L1.xml"/>
<editedby name="TL"/>
<editedtimepts num="123"/>
<editedcells num="166"/>
<checkedby name="n/a"/>
<comments text="great RNAi"/>
<status case="new"/>
</experiment>
