<?xml version='1.0' encoding='utf-8'?>

<experiment>
<series name="20150310_RW10890_pal-1_L1"/>
<date date="20150310"/>
<person name="azach"/>
<strain name="n/a"/>
<treatments desc="n/a"/>
<redsig value="n/a"/>
<imageloc loc="/gpfs/fs0/u/azach/images//20150310_RW10890_pal-1_L1"/>
<timepts num="242"/>
<annots loc="/gpfs/fs0/u/azach/images//20150310_RW10890_pal-1_L1"/>
<acetree config="20150310_RW10890_pal-1_L1.xml"/>
<editedby name="n/a"/>
<editedtimepts num="n/a"/>
<editedcells num="n/a"/>
<checkedby name="n/a"/>
<comments text="n/a"/>
<status case="new"/>
</experiment>
