<?xml version='1.0' encoding='utf-8'?>

<experiment>
<series name="20151029_elt-1_L1"/>
<date date="20151030"/>
<person name="jrumley"/>
<strain name="RW11388"/>
<treatments desc="n/a"/>
<redsig value="n/a"/>
<imageloc loc="/gpfs/fs0/u/jrumley/images/20151029_elt-1_L1"/>
<timepts num="270"/>
<annots loc="/gpfs/fs0/u/jrumley/images/20151029_elt-1_L1"/>
<acetree config="20151029_elt-1_L1.xml"/>
<editedby name="JDR"/>
<editedtimepts num="n/a"/>
<editedcells num="n/a"/>
<checkedby name="n/a"/>
<comments text="n/a"/>
<status case="new"/>
</experiment>
