<?xml version='1.0' encoding='utf-8'?>

<experiment>
<series name="20150203_ceh-13_lit-1ts_L3"/>
<date date="20150204"/>
<person name="azach"/>
<strain name="JIM131"/>
<treatments desc="25*C starting at 2 cell"/>
<redsig value="lit-1(ne1991)"/>
<imageloc loc="/gpfs/fs0/u/azach/images//20150203_ceh-13_lit-1ts_L3"/>
<timepts num="270"/>
<annots loc="/gpfs/fs0/u/azach/images//20150203_ceh-13_lit-1ts_L3"/>
<acetree config="20150203_ceh-13_lit-1ts_L3.xml"/>
<editedby name="n/a"/>
<editedtimepts num="n/a"/>
<editedcells num="n/a"/>
<checkedby name="n/a"/>
<comments text="n/a"/>
<status case="new"/>
</experiment>
