<?xml version='1.0' encoding='utf-8'?>

<experiment>
<series name="20150129_RW10993_pal-1_L4"/>
<date date="20150203"/>
<person name="azach"/>
<strain name="RW10993"/>
<treatments desc="n/a"/>
<redsig value="PAL-1"/>
<imageloc loc="/gpfs/fs0/u/azach/images//20150129_RW10993_pal-1_L4"/>
<timepts num="260"/>
<annots loc="/gpfs/fs0/u/azach/images//20150129_RW10993_pal-1_L4"/>
<acetree config="20150129_RW10993_pal-1_L4.xml"/>
<editedby name="RWT"/>
<editedtimepts num="85"/>
<editedcells num="105"/>
<checkedby name="n/a"/>
<comments text="n/a"/>
<status case="new"/>
</experiment>
