<?xml version='1.0' encoding='utf-8'?>

<experiment>
<series name="20151014_elt-1_L1"/>
<date date="20151015"/>
<person name="azach"/>
<strain name="RW10346"/>
<treatments desc="n/a"/>
<redsig value="n/a"/>
<imageloc loc="/gpfs/fs0/u/azach/images//20151014_elt-1_L1"/>
<timepts num="260"/>
<annots loc="/gpfs/fs0/u/azach/images//20151014_elt-1_L1"/>
<acetree config="20151014_elt-1_L1.xml"/>
<editedby name="JDR"/>
<editedtimepts num="100"/>
<editedcells num="99"/>
<checkedby name="n/a"/>
<comments text="n/a"/>
<status case="new"/>
</experiment>
