<?xml version='1.0' encoding='utf-8'?>

<experiment>
<series name="20151125_JIM335_ch-13_L4"/>
<date date="20151218"/>
<person name="eliciap"/>
<strain name="JIM335"/>
<treatments desc="n/a"/>
<redsig value="n/a"/>
<imageloc loc="/gpfs/fs0/u/eliciap/images/20151125_JIM335_ch-13_L4"/>
<timepts num="270"/>
<annots loc="/gpfs/fs0/u/eliciap/images/20151125_JIM335_ch-13_L4"/>
<acetree config="20151125_JIM335_ch-13_L4.xml"/>
<editedby name="EAP"/>
<editedtimepts num="140"/>
<editedcells num="342"/>
<checkedby name="n/a"/>
<comments text="becomes dim at t061, starts with 10 cells, edited xml to ADL"/>
<status case="deleted"/>
</experiment>
