<?xml version='1.0' encoding='utf-8'?>

<experiment>
<series name="20150410_mom-5_L1"/>
<date date="20150411"/>
<person name="azach"/>
<strain name="JIM302"/>
<treatments desc="n/a"/>
<redsig value="MOM-5::GFP"/>
<imageloc loc="/gpfs/fs0/u/azach/images//20150410_mom-5_L1"/>
<timepts num="127"/>
<annots loc="/gpfs/fs0/u/azach/images//20150410_mom-5_L1"/>
<acetree config="20150410_mom-5_L1.xml"/>
<editedby name="n/a"/>
<editedtimepts num="n/a"/>
<editedcells num="n/a"/>
<checkedby name="n/a"/>
<comments text="n/a"/>
<status case="new"/>
</experiment>
