<?xml version='1.0' encoding='utf-8'?>

<experiment>
<series name="20151006_elt-1_L3"/>
<date date="20151007"/>
<person name="azach"/>
<strain name="RW10346"/>
<treatments desc="n/a"/>
<redsig value="n/a"/>
<imageloc loc="/gpfs/fs0/u/azach/images//20151006_elt-1_L3"/>
<timepts num="256"/>
<annots loc="/gpfs/fs0/u/azach/images//20151006_elt-1_L3"/>
<acetree config="20151006_elt-1_L3.xml"/>
<editedby name="n/a"/>
<editedtimepts num="n/a"/>
<editedcells num="n/a"/>
<checkedby name="n/a"/>
<comments text="skipping"/>
<status case="new"/>
</experiment>
