<?xml version='1.0' encoding='utf-8'?>

<experiment>
<series name="20151203_unc-42_pop-1i_L2"/>
<date date="20151204"/>
<person name="azach"/>
<strain name="RW11870"/>
<treatments desc="n/a"/>
<redsig value="n/a"/>
<imageloc loc="/gpfs/fs0/u/azach/images/20151203_unc-42_pop-1i_L2"/>
<timepts num="222"/>
<annots loc="/gpfs/fs0/u/azach/images/20151203_unc-42_pop-1i_L2"/>
<acetree config="20151203_unc-42_pop-1i_L2.xml"/>
<editedby name="n/a"/>
<editedtimepts num="n/a"/>
<editedcells num="n/a"/>
<checkedby name="n/a"/>
<comments text="maybe very weak POP"/>
<status case="new"/>
</experiment>
