<?xml version='1.0' encoding='utf-8'?>

<experiment>
<series name="20151015_unc-42_L2"/>
<date date="20151016"/>
<person name="azach"/>
<strain name="RW11870"/>
<treatments desc="n/a"/>
<redsig value="n/a"/>
<imageloc loc="/gpfs/fs0/u/azach/images//20151015_unc-42_L2"/>
<timepts num="263"/>
<annots loc="/gpfs/fs0/u/azach/images//20151015_unc-42_L2"/>
<acetree config="20151015_unc-42_L2.xml"/>
<editedby name="ALZ"/>
<editedtimepts num="1"/>
<editedcells num="8"/>
<checkedby name="n/a"/>
<comments text="bad for deep"/>
<status case="new"/>
</experiment>
