<?xml version='1.0' encoding='utf-8'?>

<experiment>
<series name="20151001_ref-2A_pop-1i_L4"/>
<date date="20151003"/>
<person name="azach"/>
<strain name="RW10764"/>
<treatments desc="n/a"/>
<redsig value="n/a"/>
<imageloc loc="/gpfs/fs0/u/azach/images//20151001_ref-2A_pop-1i_L4"/>
<timepts num="261"/>
<annots loc="/gpfs/fs0/u/azach/images//20151001_ref-2A_pop-1i_L4"/>
<acetree config="20151001_ref-2A_pop-1i_L4.xml"/>
<editedby name="n/a"/>
<editedtimepts num="n/a"/>
<editedcells num="n/a"/>
<checkedby name="n/a"/>
<comments text="skipping"/>
<status case="new"/>
</experiment>
