<?xml version='1.0' encoding='utf-8'?>

<experiment>
<series name="20151001_elt-1_pop-1i_L3"/>
<date date="20151003"/>
<person name="azach"/>
<strain name="r"/>
<treatments desc="n/a"/>
<redsig value="n/a"/>
<imageloc loc="/gpfs/fs0/u/azach/images//20151001_elt-1_pop-1i_L3"/>
<timepts num="241"/>
<annots loc="/gpfs/fs0/u/azach/images//20151001_elt-1_pop-1i_L3"/>
<acetree config="20151001_elt-1_pop-1i_L3.xml"/>
<editedby name="n/a"/>
<editedtimepts num="n/a"/>
<editedcells num="n/a"/>
<checkedby name="n/a"/>
<comments text="n/a"/>
<status case="deleted"/>
</experiment>
