<?xml version='1.0' encoding='utf-8'?>

<experiment>
<series name="20151030_ceh-13_enh740_PM_L2"/>
<date date="20151101"/>
<person name="jrumley"/>
<strain name="JIM320"/>
<treatments desc="n/a"/>
<redsig value="n/a"/>
<imageloc loc="/gpfs/fs0/u/jrumley/images/20151030_ceh-13_enh740_PM_L2"/>
<timepts num="270"/>
<annots loc="/gpfs/fs0/u/jrumley/images/20151030_ceh-13_enh740_PM_L2"/>
<acetree config="20151030_ceh-13_enh740_PM_L2.xml"/>
<editedby name="n/a"/>
<editedtimepts num="n/a"/>
<editedcells num="n/a"/>
<checkedby name="n/a"/>
<comments text="no tg, arrests, 550+ peak cells"/>
<status case="deleted"/>
</experiment>
