<?xml version='1.0' encoding='utf-8'?>

<experiment>
<series name="20150619_sys-1_mom-2_or42_L4"/>
<date date="20150620"/>
<person name="azach"/>
<strain name="JIM308"/>
<treatments desc="n/a"/>
<redsig value="n/a"/>
<imageloc loc="/gpfs/fs0/u/azach/images//20150619_sys-1_mom-2_or42_L4"/>
<timepts num="262"/>
<annots loc="/gpfs/fs0/u/azach/images//20150619_sys-1_mom-2_or42_L4"/>
<acetree config="20150619_sys-1_mom-2_or42_L4.xml"/>
<editedby name="n/a"/>
<editedtimepts num="n/a"/>
<editedcells num="n/a"/>
<checkedby name="n/a"/>
<comments text="not MOM"/>
<status case="new"/>
</experiment>
