<?xml version='1.0' encoding='utf-8'?>

<experiment>
<series name="20150930_tlp-1_enh4K_L1"/>
<date date="20151001"/>
<person name="azach"/>
<strain name="NO"/>
<treatments desc="n/a"/>
<redsig value="n/a"/>
<imageloc loc="/gpfs/fs0/u/azach/images//20150930_tlp-1_enh4K_L1"/>
<timepts num="261"/>
<annots loc="/gpfs/fs0/u/azach/images//20150930_tlp-1_enh4K_L1"/>
<acetree config="20150930_tlp-1_enh4K_L1.xml"/>
<editedby name="n/a"/>
<editedtimepts num="n/a"/>
<editedcells num="n/a"/>
<checkedby name="n/a"/>
<comments text="n/a"/>
<status case="deleted"/>
</experiment>
