<?xml version='1.0' encoding='utf-8'?>

<experiment>
<series name="20150529_sys-1_stops_L4"/>
<date date="20150601"/>
<person name="azach"/>
<strain name="JIM309"/>
<treatments desc="n/a"/>
<redsig value="n/a"/>
<imageloc loc="/gpfs/fs0/u/azach/images//20150529_sys-1_stops_L4"/>
<timepts num="226"/>
<annots loc="/gpfs/fs0/u/azach/images//20150529_sys-1_stops_L4"/>
<acetree config="20150529_sys-1_stops_L4.xml"/>
<editedby name="EAP"/>
<editedtimepts num="135"/>
<editedcells num="431"/>
<checkedby name="n/a"/>
<comments text="PVL"/>
<status case="new"/>
</experiment>
