<?xml version='1.0' encoding='utf-8'?>

<experiment>
<series name="20150721_pop-1_GFP_L3"/>
<date date="20150722"/>
<person name="azach"/>
<strain name="JIM312"/>
<treatments desc="n/a"/>
<redsig value="n/a"/>
<imageloc loc="/gpfs/fs0/u/azach/images//20150721_pop-1_GFP_L3"/>
<timepts num="265"/>
<annots loc="/gpfs/fs0/u/azach/images//20150721_pop-1_GFP_L3"/>
<acetree config="20150721_pop-1_GFP_L3.xml"/>
<editedby name="TL"/>
<editedtimepts num="145"/>
<editedcells num="357"/>
<checkedby name="n/a"/>
<comments text="n/a"/>
<status case="new"/>
</experiment>
