<?xml version='1.0' encoding='utf-8'?>

<experiment>
<series name="20151030_ceh-13_enh740_PM_L4"/>
<date date="20151101"/>
<person name="jrumley"/>
<strain name="JIM320"/>
<treatments desc="n/a"/>
<redsig value="n/a"/>
<imageloc loc="/gpfs/fs0/u/jrumley/images/20151030_ceh-13_enh740_PM_L4"/>
<timepts num="270"/>
<annots loc="/gpfs/fs0/u/jrumley/images/20151030_ceh-13_enh740_PM_L4"/>
<acetree config="20151030_ceh-13_enh740_PM_L4.xml"/>
<editedby name="ALZ"/>
<editedtimepts num="120"/>
<editedcells num="194"/>
<checkedby name="n/a"/>
<comments text="tg+, hatches, 550+"/>
<status case="new"/>
</experiment>
