<?xml version='1.0' encoding='utf-8'?>

<experiment>
<series name="20150112_RW10890_pal-1_L4"/>
<date date="20150113"/>
<person name="azach"/>
<strain name="RW10890"/>
<treatments desc="n/a"/>
<redsig value="PAL-1"/>
<imageloc loc="/gpfs/fs0/u/azach/images//20150112_RW10890_pal-1_L4"/>
<timepts num="139"/>
<annots loc="/gpfs/fs0/u/azach/images//20150112_RW10890_pal-1_L4"/>
<acetree config="20150112_RW10890_pal-1_L4.xml"/>
<editedby name="RWT"/>
<editedtimepts num="100"/>
<editedcells num="151"/>
<checkedby name="n/a"/>
<comments text="n/a"/>
<status case="new"/>
</experiment>
