<?xml version='1.0' encoding='utf-8'?>

<experiment>
<series name="20151020_tlp-1_enh77_L3"/>
<date date="20151022"/>
<person name="azach"/>
<strain name="JIM322"/>
<treatments desc="n/a"/>
<redsig value="n/a"/>
<imageloc loc="/gpfs/fs0/u/azach/images//20151020_tlp-1_enh77_L3"/>
<timepts num="267"/>
<annots loc="/gpfs/fs0/u/azach/images//20151020_tlp-1_enh77_L3"/>
<acetree config="20151020_tlp-1_enh77_L3.xml"/>
<editedby name="ALZ"/>
<editedtimepts num="105"/>
<editedcells num="n/a"/>
<checkedby name="n/a"/>
<comments text="tg+"/>
<status case="new"/>
</experiment>
