<?xml version='1.0' encoding='utf-8'?>

<experiment>
<series name="20150928_elt-1_L4"/>
<date date="20150929"/>
<person name="azach"/>
<strain name="RW10346"/>
<treatments desc="n/a"/>
<redsig value="n/a"/>
<imageloc loc="/gpfs/fs0/u/azach/images//20150928_elt-1_L4"/>
<timepts num="252"/>
<annots loc="/gpfs/fs0/u/azach/images//20150928_elt-1_L4"/>
<acetree config="20150928_elt-1_L4.xml"/>
<editedby name="JDR"/>
<editedtimepts num="n/a"/>
<editedcells num="n/a"/>
<checkedby name="n/a"/>
<comments text="skipping, arrested"/>
<status case="new"/>
</experiment>
