<?xml version='1.0' encoding='utf-8'?>

<experiment>
<series name="20150619_sys-1_mom-2_or42_L1"/>
<date date="20150620"/>
<person name="azach"/>
<strain name="JIM308"/>
<treatments desc="n/a"/>
<redsig value="n/a"/>
<imageloc loc="/gpfs/fs0/u/azach/images//20150619_sys-1_mom-2_or42_L1"/>
<timepts num="262"/>
<annots loc="/gpfs/fs0/u/azach/images//20150619_sys-1_mom-2_or42_L1"/>
<acetree config="20150619_sys-1_mom-2_or42_L1.xml"/>
<editedby name="ALZ"/>
<editedtimepts num="20"/>
<editedcells num="24"/>
<checkedby name="n/a"/>
<comments text="okay MOM18"/>
<status case="new"/>
</experiment>
