<?xml version='1.0' encoding='utf-8'?>

<experiment>
<series name="20151203_irx-1_pop-1i_L1"/>
<date date="20151204"/>
<person name="azach"/>
<strain name="n/a"/>
<treatments desc="n/a"/>
<redsig value="n/a"/>
<imageloc loc="/gpfs/fs0/u/azach/images/20151203_irx-1_pop-1i_L1"/>
<timepts num="261"/>
<annots loc="/gpfs/fs0/u/azach/images/20151203_irx-1_pop-1i_L1"/>
<acetree config="20151203_irx-1_pop-1i_L1.xml"/>
<editedby name="JDR"/>
<editedtimepts num="135"/>
<editedcells num="165"/>
<checkedby name="50,AB:112"/>
<comments text="n/a"/>
<status case="new"/>
</experiment>
