<?xml version='1.0' encoding='utf-8'?>

<experiment>
<series name="20151204_unc-42_pop-1i_L4"/>
<date date="20151205"/>
<person name="azach"/>
<strain name="RW11870"/>
<treatments desc="n/a"/>
<redsig value="n/a"/>
<imageloc loc="/gpfs/fs0/u/azach/images/20151204_unc-42_pop-1i_L4"/>
<timepts num="221"/>
<annots loc="/gpfs/fs0/u/azach/images/20151204_unc-42_pop-1i_L4"/>
<acetree config="20151204_unc-42_pop-1i_L4.xml"/>
<editedby name="n/a"/>
<editedtimepts num="100"/>
<editedcells num="190"/>
<checkedby name="n/a"/>
<comments text="MOM and POP?, very weak expression"/>
<status case="new"/>
</experiment>
