<?xml version='1.0' encoding='utf-8'?>

<experiment>
<series name="20151021_tlp-1_enh4K_L1"/>
<date date="20151022"/>
<person name="azach"/>
<strain name="JIM327"/>
<treatments desc="n/a"/>
<redsig value="n/a"/>
<imageloc loc="/gpfs/fs0/u/azach/images//20151021_tlp-1_enh4K_L1"/>
<timepts num="233"/>
<annots loc="/gpfs/fs0/u/azach/images//20151021_tlp-1_enh4K_L1"/>
<acetree config="20151021_tlp-1_enh4K_L1.xml"/>
<editedby name="ALZ"/>
<editedtimepts num="110"/>
<editedcells num="190"/>
<checkedby name="n/a"/>
<comments text="tg+"/>
<status case="new"/>
</experiment>
