<?xml version='1.0' encoding='utf-8'?>

<experiment>
<series name="20151123_JIM335_ceh-13_L3"/>
<date date="20151211"/>
<person name="eliciap"/>
<strain name="JIM335"/>
<treatments desc="n/a"/>
<redsig value="n/a"/>
<imageloc loc="/gpfs/fs0/u/eliciap/images/20151123_JIM335_ceh-13_L3"/>
<timepts num="258"/>
<annots loc="/gpfs/fs0/u/eliciap/images/20151123_JIM335_ceh-13_L3"/>
<acetree config="20151123_JIM335_ceh-13_L3.xml"/>
<editedby name="EAP"/>
<editedtimepts num="1"/>
<editedcells num="n/a"/>
<checkedby name="n/a"/>
<comments text="becomes dim at t061, cutoff in y, starts with 8 cells"/>
<status case="deleted"/>
</experiment>
