<?xml version='1.0' encoding='utf-8'?>

<experiment>
<series name="20160822_tbx-35_enh1_pop-1i_L1"/>
<date date="20160823"/>
<person name="jrumley"/>
<strain name="n/a"/>
<treatments desc="n/a"/>
<redsig value="n/a"/>
<imageloc loc="/gpfs/fs0/u/jrumley/images/20160822_tbx-35_enh1_pop-1i_L1"/>
<timepts num="263"/>
<annots loc="/gpfs/fs0/u/jrumley/images/20160822_tbx-35_enh1_pop-1i_L1"/>
<acetree config="20160822_tbx-35_enh1_pop-1i_L1.xml"/>
<editedby name="JDR"/>
<editedtimepts num="100"/>
<editedcells num="n/a"/>
<checkedby name="n/a"/>
<comments text="n/a"/>
<status case="new"/>
</experiment>
