<?xml version='1.0' encoding='utf-8'?>

<experiment>
<series name="20161206_JIM372_nob-1_enh85_L2"/>
<date date="20161207"/>
<person name="eliciap"/>
<strain name="JIM372"/>
<treatments desc="sw1"/>
<redsig value="n/a"/>
<imageloc loc="/gpfs/fs0/u/eliciap/images/20161206_JIM372_nob-1_enh85_L2"/>
<timepts num="267"/>
<annots loc="/gpfs/fs0/u/eliciap/images/20161206_JIM372_nob-1_enh85_L2"/>
<acetree config="20161206_JIM372_nob-1_enh85_L2.xml"/>
<editedby name="n/a"/>
<editedtimepts num="n/a"/>
<editedcells num="n/a"/>
<checkedby name="n/a"/>
<comments text="tg+, never elongates"/>
<status case="new"/>
</experiment>
