<?xml version='1.0' encoding='utf-8'?>

<experiment>
<series name="20160205_unc-42_pop-1i_L1"/>
<date date="20160216"/>
<person name="azach"/>
<strain name="n/a"/>
<treatments desc="n/a"/>
<redsig value="n/a"/>
<imageloc loc="/gpfs/fs0/u/azach/images/20160205_unc-42_pop-1i_L1"/>
<timepts num="254"/>
<annots loc="/gpfs/fs0/u/azach/images/20160205_unc-42_pop-1i_L1"/>
<acetree config="20160205_unc-42_pop-1i_L1.xml"/>
<editedby name="n/a"/>
<editedtimepts num="n/a"/>
<editedcells num="n/a"/>
<checkedby name="n/a"/>
<comments text="POP11"/>
<status case="new"/>
</experiment>
