<?xml version='1.0' encoding='utf-8'?>

<experiment>
<series name="20160603_ceh-13_enh450_L3"/>
<date date="20160604"/>
<person name="azach"/>
<strain name="JIM358"/>
<treatments desc="n/a"/>
<redsig value="n/a"/>
<imageloc loc="/gpfs/fs0/u/azach/images/20160603_ceh-13_enh450_L3"/>
<timepts num="212"/>
<annots loc="/gpfs/fs0/u/azach/images/20160603_ceh-13_enh450_L3"/>
<acetree config="20160603_ceh-13_enh450_L3.xml"/>
<editedby name="IJ"/>
<editedtimepts num="165"/>
<editedcells num="353"/>
<checkedby name="155,C:165"/>
<comments text="n/a"/>
<status case="new"/>
</experiment>
