<?xml version='1.0' encoding='utf-8'?>

<experiment>
<series name="20160721_tbx-35_enh1_L3"/>
<date date="20160722"/>
<person name="jrumley"/>
<strain name="n/a"/>
<treatments desc="n/a"/>
<redsig value="n/a"/>
<imageloc loc="/gpfs/fs0/u/jrumley/images/20160721_tbx-35_enh1_L3"/>
<timepts num="261"/>
<annots loc="/gpfs/fs0/u/jrumley/images/20160721_tbx-35_enh1_L3"/>
<acetree config="20160721_tbx-35_enh1_L3.xml"/>
<editedby name="n/a"/>
<editedtimepts num="110"/>
<editedcells num="185"/>
<checkedby name="n/a"/>
<comments text="n/a"/>
<status case="new"/>
</experiment>
