<?xml version='1.0' encoding='utf-8'?>

<experiment>
<series name="20160301_JIM345_L4"/>
<date date="20160305"/>
<person name="azach"/>
<strain name="JIM345"/>
<treatments desc="n/a"/>
<redsig value="nob-1_enh55"/>
<imageloc loc="/gpfs/fs0/u/azach/images/20160301_JIM345_L4"/>
<timepts num="262"/>
<annots loc="/gpfs/fs0/u/azach/images/20160301_JIM345_L4"/>
<acetree config="20160301_JIM345_L4.xml"/>
<editedby name="n/a"/>
<editedtimepts num="n/a"/>
<editedcells num="n/a"/>
<checkedby name="n/a"/>
<comments text="n/a"/>
<status case="new"/>
</experiment>
