<?xml version='1.0' encoding='utf-8'?>

<experiment>
<series name="20160212_JIM345_L1"/>
<date date="20160217"/>
<person name="azach"/>
<strain name="JIM345"/>
<treatments desc="n/a"/>
<redsig value="nob-1_enh55"/>
<imageloc loc="/gpfs/fs0/u/azach/images/20160212_JIM345_L1"/>
<timepts num="270"/>
<annots loc="/gpfs/fs0/u/azach/images/20160212_JIM345_L1"/>
<acetree config="20160212_JIM345_L1.xml"/>
<editedby name="n/a"/>
<editedtimepts num="n/a"/>
<editedcells num="n/a"/>
<checkedby name="n/a"/>
<comments text="n/a"/>
<status case="new"/>
</experiment>
