<?xml version='1.0' encoding='utf-8'?>

<experiment>
<series name="20160429_ceh-13_enh5515_sys-1i_L2"/>
<date date="20160430"/>
<person name="azach"/>
<strain name="JIM347"/>
<treatments desc="n/a"/>
<redsig value="n/a"/>
<imageloc loc="/gpfs/fs0/u/azach/images/20160429_ceh-13_enh5515_sys-1i_L2"/>
<timepts num="170"/>
<annots loc="/gpfs/fs0/u/azach/images/20160429_ceh-13_enh5515_sys-1i_L2"/>
<acetree config="20160429_ceh-13_enh5515_sys-1i_L2.xml"/>
<editedby name="ALZ"/>
<editedtimepts num="115"/>
<editedcells num="191"/>
<checkedby name="n/a"/>
<comments text="tg+"/>
<status case="new"/>
</experiment>
