<?xml version='1.0' encoding='utf-8'?>

<experiment>
<series name="20160119_ref-2_L2"/>
<date date="20160121"/>
<person name="jrumley"/>
<strain name="n/a"/>
<treatments desc="n/a"/>
<redsig value="n/a"/>
<imageloc loc="/gpfs/fs0/u/jrumley/images/20160119_ref-2_L2"/>
<timepts num="270"/>
<annots loc="/gpfs/fs0/u/jrumley/images/20160119_ref-2_L2"/>
<acetree config="20160119_ref-2_L2.xml"/>
<editedby name="JDR"/>
<editedtimepts num="24"/>
<editedcells num="4"/>
<checkedby name="n/a"/>
<comments text="n/a"/>
<status case="new"/>
</experiment>
