<?xml version='1.0' encoding='utf-8'?>

<experiment>
<series name="20160805_nhr-67_enh65_L2"/>
<date date="20160810"/>
<person name="azach"/>
<strain name="n/a"/>
<treatments desc="n/a"/>
<redsig value="n/a"/>
<imageloc loc="/gpfs/fs0/u/azach/images/20160805_nhr-67_enh65_L2"/>
<timepts num="201"/>
<annots loc="/gpfs/fs0/u/azach/images/20160805_nhr-67_enh65_L2"/>
<acetree config="20160805_nhr-67_enh65_L2.xml"/>
<editedby name="IJ"/>
<editedtimepts num="190"/>
<editedcells num="325"/>
<checkedby name="150,ABalaaaal:175,ABalappp:190,ABalpaa:190,ABalpppp:190,ABarpaa:190,ABplpppp:175,ABpraaa:190,ABprapp:190,ABprpaaa:190,ABprpppp:175"/>
<comments text="naming errors in ABpr need to be fixedtg+, edit me"/>
<status case="new"/>
</experiment>
