<?xml version='1.0' encoding='utf-8'?>

<experiment>
<series name="20160506_JIM113_OP50_L2"/>
<date date="20160509"/>
<person name="eliciap"/>
<strain name="n/a"/>
<treatments desc="n/a"/>
<redsig value="n/a"/>
<imageloc loc="/gpfs/fs0/u/eliciap/images/20160506_JIM113_OP50_L2"/>
<timepts num="240"/>
<annots loc="/gpfs/fs0/u/eliciap/images/20160506_JIM113_OP50_L2"/>
<acetree config="20160506_JIM113_OP50_L2.xml"/>
<editedby name="n/a"/>
<editedtimepts num="n/a"/>
<editedcells num="n/a"/>
<checkedby name="n/a"/>
<comments text="named initial cells, lots of cell death at end"/>
<status case="new"/>
</experiment>
