<?xml version='1.0' encoding='utf-8'?>

<experiment>
<series name="20161222_JIM374_nob-1_L4"/>
<date date="20161225"/>
<person name="eliciap"/>
<strain name="JIM374"/>
<treatments desc="n/a"/>
<redsig value="n/a"/>
<imageloc loc="/gpfs/fs0/u/eliciap/images/20161222_JIM374_nob-1_L4"/>
<timepts num="270"/>
<annots loc="/gpfs/fs0/u/eliciap/images/20161222_JIM374_nob-1_L4"/>
<acetree config="20161222_JIM374_nob-1_L4.xml"/>
<editedby name="n/a"/>
<editedtimepts num="n/a"/>
<editedcells num="n/a"/>
<checkedby name="n/a"/>
<comments text="drift, delete"/>
<status case="deleted"/>
</experiment>
