<?xml version='1.0' encoding='utf-8'?>

<experiment>
<series name="20160512_ceh-13_enh740_pop-1i_L4"/>
<date date="20160515"/>
<person name="azach"/>
<strain name="JIM320"/>
<treatments desc="n/a"/>
<redsig value="n/a"/>
<imageloc loc="/gpfs/fs0/u/azach/images/20160512_ceh-13_enh740_pop-1i_L4"/>
<timepts num="264"/>
<annots loc="/gpfs/fs0/u/azach/images/20160512_ceh-13_enh740_pop-1i_L4"/>
<acetree config="20160512_ceh-13_enh740_pop-1i_L4.xml"/>
<editedby name="n/a"/>
<editedtimepts num="n/a"/>
<editedcells num="n/a"/>
<checkedby name="n/a"/>
<comments text="no super dim"/>
<status case="deleted"/>
</experiment>
