<?xml version='1.0' encoding='utf-8'?>

<experiment>
<series name="20160219_unc-42_rsa-2i_L3"/>
<date date="20160220"/>
<person name="azach"/>
<strain name="n/a"/>
<treatments desc="n/a"/>
<redsig value="n/a"/>
<imageloc loc="/gpfs/fs0/u/azach/images/20160219_unc-42_rsa-2i_L3"/>
<timepts num="268"/>
<annots loc="/gpfs/fs0/u/azach/images/20160219_unc-42_rsa-2i_L3"/>
<acetree config="20160219_unc-42_rsa-2i_L3.xml"/>
<editedby name="n/a"/>
<editedtimepts num="110"/>
<editedcells num="191"/>
<checkedby name="n/a"/>
<comments text="arrests"/>
<status case="new"/>
</experiment>
