<?xml version='1.0' encoding='utf-8'?>

<experiment>
<series name="20160519_elt-1_L3"/>
<date date="20160524"/>
<person name="jrumley"/>
<strain name="r"/>
<treatments desc="n/a"/>
<redsig value="n/a"/>
<imageloc loc="/gpfs/fs0/u/jrumley/images/20160519_elt-1_L3"/>
<timepts num="268"/>
<annots loc="/gpfs/fs0/u/jrumley/images/20160519_elt-1_L3"/>
<acetree config="20160519_elt-1_L3.xml"/>
<editedby name="n/a"/>
<editedtimepts num="n/a"/>
<editedcells num="n/a"/>
<checkedby name="n/a"/>
<comments text="n/a"/>
<status case="deleted"/>
</experiment>
