<?xml version='1.0' encoding='utf-8'?>

<experiment>
<series name="20160604_tbx-35_sys-1i_L1"/>
<date date="20160606"/>
<person name="jrumley"/>
<strain name="n/a"/>
<treatments desc="n/a"/>
<redsig value="n/a"/>
<imageloc loc="/gpfs/fs0/u/jrumley/images/20160604_tbx-35_sys-1i_L1"/>
<timepts num="270"/>
<annots loc="/gpfs/fs0/u/jrumley/images/20160604_tbx-35_sys-1i_L1"/>
<acetree config="20160604_tbx-35_sys-1i_L1.xml"/>
<editedby name="n/a"/>
<editedtimepts num="132"/>
<editedcells num="169"/>
<checkedby name="100,EMS:132,C:132"/>
<comments text="n/a"/>
<status case="new"/>
</experiment>
