<?xml version='1.0' encoding='utf-8'?>

<experiment>
<series name="20160202_tlp-1_enh77_sys-1i_L3"/>
<date date="20160203"/>
<person name="azach"/>
<strain name="JIM323"/>
<treatments desc="n/a"/>
<redsig value="n/a"/>
<imageloc loc="/gpfs/fs0/u/azach/images/20160202_tlp-1_enh77_sys-1i_L3"/>
<timepts num="264"/>
<annots loc="/gpfs/fs0/u/azach/images/20160202_tlp-1_enh77_sys-1i_L3"/>
<acetree config="20160202_tlp-1_enh77_sys-1i_L3.xml"/>
<editedby name="n/a"/>
<editedtimepts num="n/a"/>
<editedcells num="n/a"/>
<checkedby name="n/a"/>
<comments text="tg+"/>
<status case="new"/>
</experiment>
