<?xml version='1.0' encoding='utf-8'?>

<experiment>
<series name="20161130_JIM373_nob-1_L1"/>
<date date="20161201"/>
<person name="eliciap"/>
<strain name="JIM373"/>
<treatments desc="sw1"/>
<redsig value="nob-1 in ceh-13 mutant"/>
<imageloc loc="/gpfs/fs0/u/eliciap/images/20161130_JIM373_nob-1_L1"/>
<timepts num="270"/>
<annots loc="/gpfs/fs0/u/eliciap/images/20161130_JIM373_nob-1_L1"/>
<acetree config="20161130_JIM373_nob-1_L1.xml"/>
<editedby name="n/a"/>
<editedtimepts num="n/a"/>
<editedcells num="n/a"/>
<checkedby name="n/a"/>
<comments text="arrested, explodes at morphogenesis. editable, only has 409 final cells "/>
<status case="new"/>
</experiment>
