<?xml version='1.0' encoding='utf-8'?>

<experiment>
<series name="20160526_elt-1_pop-1i_L4"/>
<date date="20160528"/>
<person name="jrumley"/>
<strain name="RW10346"/>
<treatments desc="n/a"/>
<redsig value="n/a"/>
<imageloc loc="/gpfs/fs0/u/jrumley/images/20160526_elt-1_pop-1i_L4"/>
<timepts num="250"/>
<annots loc="/gpfs/fs0/u/jrumley/images/20160526_elt-1_pop-1i_L4"/>
<acetree config="20160526_elt-1_pop-1i_L4.xml"/>
<editedby name="JDR"/>
<editedtimepts num="160"/>
<editedcells num="24"/>
<checkedby name="50,C:160"/>
<comments text="n/a"/>
<status case="new"/>
</experiment>
