<?xml version='1.0' encoding='utf-8'?>

<experiment>
<series name="20160420_nob-1_enh76_pop-1i_L3"/>
<date date="20160421"/>
<person name="azach"/>
<strain name="JIM354"/>
<treatments desc="n/a"/>
<redsig value="n/a"/>
<imageloc loc="/gpfs/fs0/u/azach/images/20160420_nob-1_enh76_pop-1i_L3"/>
<timepts num="265"/>
<annots loc="/gpfs/fs0/u/azach/images/20160420_nob-1_enh76_pop-1i_L3"/>
<acetree config="20160420_nob-1_enh76_pop-1i_L3.xml"/>
<editedby name="ALZ"/>
<editedtimepts num="140"/>
<editedcells num="330"/>
<checkedby name="n/a"/>
<comments text="tg+, good POP"/>
<status case="new"/>
</experiment>
