<?xml version='1.0' encoding='utf-8'?>

<experiment>
<series name="20160805_nhr-67_enh65_L3"/>
<date date="20160810"/>
<person name="azach"/>
<strain name="n/a"/>
<treatments desc="n/a"/>
<redsig value="n/a"/>
<imageloc loc="/gpfs/fs0/u/azach/images/20160805_nhr-67_enh65_L3"/>
<timepts num="201"/>
<annots loc="/gpfs/fs0/u/azach/images/20160805_nhr-67_enh65_L3"/>
<acetree config="20160805_nhr-67_enh65_L3.xml"/>
<editedby name="IJ"/>
<editedtimepts num="190"/>
<editedcells num="375"/>
<checkedby name="175,ABp:190,ABarpaa:190,ABala:190"/>
<comments text="tg+"/>
<status case="new"/>
</experiment>
