<?xml version='1.0' encoding='utf-8'?>

<experiment>
<series name="20160812_ceh-51_enh1_L1"/>
<date date="20160813"/>
<person name="jrumley"/>
<strain name="n/a"/>
<treatments desc="n/a"/>
<redsig value="n/a"/>
<imageloc loc="/gpfs/fs0/u/jrumley/images/20160812_ceh-51_enh1_L1"/>
<timepts num="270"/>
<annots loc="/gpfs/fs0/u/jrumley/images/20160812_ceh-51_enh1_L1"/>
<acetree config="20160812_ceh-51_enh1_L1.xml"/>
<editedby name="n/a"/>
<editedtimepts num="150"/>
<editedcells num="185"/>
<checkedby name="n/a"/>
<comments text="tg+"/>
<status case="new"/>
</experiment>
