<?xml version='1.0' encoding='utf-8'?>

<experiment>
<series name="20160511_ceh-13_enh740_pop-1i_L3"/>
<date date="20160513"/>
<person name="azach"/>
<strain name="JIM320"/>
<treatments desc="pop-1 RNAi"/>
<redsig value="n/a"/>
<imageloc loc="/gpfs/fs0/u/azach/images/20160511_ceh-13_enh740_pop-1i_L3"/>
<timepts num="268"/>
<annots loc="/gpfs/fs0/u/azach/images/20160511_ceh-13_enh740_pop-1i_L3"/>
<acetree config="20160511_ceh-13_enh740_pop-1i_L3.xml"/>
<editedby name="n/a"/>
<editedtimepts num="110"/>
<editedcells num="177"/>
<checkedby name="n/a"/>
<comments text="tg+ strong RNAi"/>
<status case="new"/>
</experiment>
