<?xml version='1.0' encoding='utf-8'?>

<experiment>
<series name="20160601_tlp-1_enh774K_L2"/>
<date date="20160601"/>
<person name="azach"/>
<strain name="JIM360"/>
<treatments desc="n/a"/>
<redsig value="n/a"/>
<imageloc loc="/gpfs/fs0/u/azach/images/20160601_tlp-1_enh774K_L2"/>
<timepts num="187"/>
<annots loc="/gpfs/fs0/u/azach/images/20160601_tlp-1_enh774K_L2"/>
<acetree config="20160601_tlp-1_enh774K_L2.xml"/>
<editedby name="ALZ"/>
<editedtimepts num="50"/>
<editedcells num="50"/>
<checkedby name="n/a"/>
<comments text="some expression in E, C"/>
<status case="new"/>
</experiment>
