<?xml version='1.0' encoding='utf-8'?>

<experiment>
<series name="20160103_sys-1_L1"/>
<date date="20160104"/>
<person name="azach"/>
<strain name="JIM166"/>
<treatments desc="n/a"/>
<redsig value="n/a"/>
<imageloc loc="/gpfs/fs0/u/azach/images/20160103_sys-1_L1"/>
<timepts num="270"/>
<annots loc="/gpfs/fs0/u/azach/images/20160103_sys-1_L1"/>
<acetree config="20160103_sys-1_L1.xml"/>
<editedby name="ALZ"/>
<editedtimepts num="125"/>
<editedcells num="190"/>
<checkedby name="n/a"/>
<comments text="n/a"/>
<status case="new"/>
</experiment>
