<?xml version='1.0' encoding='utf-8'?>

<experiment>
<series name="20160401_mir-57_enh526_L3"/>
<date date="20160402"/>
<person name="azach"/>
<strain name="JIM351"/>
<treatments desc="n/a"/>
<redsig value="n/a"/>
<imageloc loc="/gpfs/fs0/u/azach/images/20160401_mir-57_enh526_L3"/>
<timepts num="227"/>
<annots loc="/gpfs/fs0/u/azach/images/20160401_mir-57_enh526_L3"/>
<acetree config="20160401_mir-57_enh526_L3.xml"/>
<editedby name="ALZ/TL"/>
<editedtimepts num="200"/>
<editedcells num="187"/>
<checkedby name="140,E:200,P2:200,ABp:200"/>
<comments text="tg+"/>
<status case="new"/>
</experiment>
