<?xml version='1.0' encoding='utf-8'?>

<experiment>
<series name="20160211_elt-1_L4"/>
<date date="20160213"/>
<person name="jrumley"/>
<strain name="RW11388"/>
<treatments desc="n/a"/>
<redsig value="n/a"/>
<imageloc loc="/gpfs/fs0/u/jrumley/images/20160211_elt-1_L4"/>
<timepts num="267"/>
<annots loc="/gpfs/fs0/u/jrumley/images/20160211_elt-1_L4"/>
<acetree config="20160211_elt-1_L4.xml"/>
<editedby name="LW"/>
<editedtimepts num="100"/>
<editedcells num="360"/>
<checkedby name="50,AB:100,C:100,MS:100"/>
<comments text="n/a"/>
<status case="new"/>
</experiment>
