<?xml version='1.0' encoding='utf-8'?>

<experiment>
<series name="20160428_nob-1_enh76_sys-1i_L4"/>
<date date="20160430"/>
<person name="azach"/>
<strain name="JIM354"/>
<treatments desc="sys-1 RNAi"/>
<redsig value="n/a"/>
<imageloc loc="/gpfs/fs0/u/azach/images/20160428_nob-1_enh76_sys-1i_L4"/>
<timepts num="265"/>
<annots loc="/gpfs/fs0/u/azach/images/20160428_nob-1_enh76_sys-1i_L4"/>
<acetree config="20160428_nob-1_enh76_sys-1i_L4.xml"/>
<editedby name="ALZ"/>
<editedtimepts num="150"/>
<editedcells num="365"/>
<checkedby name="n/a"/>
<comments text="tg+"/>
<status case="new"/>
</experiment>
