<?xml version='1.0' encoding='utf-8'?>

<experiment>
<series name="20161128_nob-1_enh85_JIM372_L4"/>
<date date="20161201"/>
<person name="eliciap"/>
<strain name="JIM372"/>
<treatments desc="n/a"/>
<redsig value="n/a"/>
<imageloc loc="/gpfs/fs0/u/eliciap/images/20161128_nob-1_enh85_JIM372_L4"/>
<timepts num="268"/>
<annots loc="/gpfs/fs0/u/eliciap/images/20161128_nob-1_enh85_JIM372_L4"/>
<acetree config="20161128_nob-1_enh85_JIM372_L4.xml"/>
<editedby name="n/a"/>
<editedtimepts num="n/a"/>
<editedcells num="n/a"/>
<checkedby name="n/a"/>
<comments text="drifts, delete"/>
<status case="deleted"/>
</experiment>
