<?xml version='1.0' encoding='utf-8'?>

<experiment>
<series name="20160729_nob-1_ceh-13i_L1"/>
<date date="20160730"/>
<person name="azach"/>
<strain name="n/a"/>
<treatments desc="ceh-13 RNAi"/>
<redsig value="n/a"/>
<imageloc loc="/gpfs/fs0/u/azach/images/20160729_nob-1_ceh-13i_L1"/>
<timepts num="173"/>
<annots loc="/gpfs/fs0/u/azach/images/20160729_nob-1_ceh-13i_L1"/>
<acetree config="20160729_nob-1_ceh-13i_L1.xml"/>
<editedby name="n/a"/>
<editedtimepts num="80"/>
<editedcells num="100"/>
<checkedby name="n/a"/>
<comments text="looks WT"/>
<status case="new"/>
</experiment>
