<?xml version='1.0' encoding='utf-8'?>

<experiment>
<series name="20160725_ceh-20_L4"/>
<date date="20160727"/>
<person name="azach"/>
<strain name="JIM368"/>
<treatments desc="n/a"/>
<redsig value="n/a"/>
<imageloc loc="/gpfs/fs0/u/azach/images/20160725_ceh-20_L4"/>
<timepts num="266"/>
<annots loc="/gpfs/fs0/u/azach/images/20160725_ceh-20_L4"/>
<acetree config="20160725_ceh-20_L4.xml"/>
<editedby name="n/a"/>
<editedtimepts num="150"/>
<editedcells num="360"/>
<checkedby name="n/a"/>
<comments text="tg+, hatches, MS and C interesting late"/>
<status case="new"/>
</experiment>
