<?xml version='1.0' encoding='utf-8'?>

<experiment>
<series name="20160801_nob-1_GFP_L3"/>
<date date="20160802"/>
<person name="azach"/>
<strain name="JIM284"/>
<treatments desc="n/a"/>
<redsig value="n/a"/>
<imageloc loc="/gpfs/fs0/u/azach/images/20160801_nob-1_GFP_L3"/>
<timepts num="263"/>
<annots loc="/gpfs/fs0/u/azach/images/20160801_nob-1_GFP_L3"/>
<acetree config="20160801_nob-1_GFP_L3.xml"/>
<editedby name="LW/ALZ"/>
<editedtimepts num="230"/>
<editedcells num="359"/>
<checkedby name="140,ABprpapp:200,ABplpapp:230,Ep:200"/>
<comments text="ADL"/>
<status case="new"/>
</experiment>
