<?xml version='1.0' encoding='utf-8'?>

<experiment>
<series name="20160420_ceh-13_enh5515_pop-1i_L1"/>
<date date="20160420"/>
<person name="azach"/>
<strain name="JIM347"/>
<treatments desc="n/a"/>
<redsig value="n/a"/>
<imageloc loc="/gpfs/fs0/u/azach/images/20160420_ceh-13_enh5515_pop-1i_L1"/>
<timepts num="171"/>
<annots loc="/gpfs/fs0/u/azach/images/20160420_ceh-13_enh5515_pop-1i_L1"/>
<acetree config="20160420_ceh-13_enh5515_pop-1i_L1.xml"/>
<editedby name="n/a"/>
<editedtimepts num="118"/>
<editedcells num="174"/>
<checkedby name="n/a"/>
<comments text="tg+, pretty good POP"/>
<status case="new"/>
</experiment>
