<?xml version='1.0' encoding='utf-8'?>

<experiment>
<series name="20160527_elt-1_sys-1i_L1"/>
<date date="20160528"/>
<person name="jrumley"/>
<strain name="RW10346"/>
<treatments desc="n/a"/>
<redsig value="n/a"/>
<imageloc loc="/gpfs/fs0/u/jrumley/images/20160527_elt-1_sys-1i_L1"/>
<timepts num="222"/>
<annots loc="/gpfs/fs0/u/jrumley/images/20160527_elt-1_sys-1i_L1"/>
<acetree config="20160527_elt-1_sys-1i_L1.xml"/>
<editedby name="JDR"/>
<editedtimepts num="50"/>
<editedcells num="49"/>
<checkedby name="n/a"/>
<comments text="n/a"/>
<status case="new"/>
</experiment>
