<?xml version='1.0' encoding='utf-8'?>

<experiment>
<series name="20160428_nob-1_enh85_sys-1i_L4"/>
<date date="20160428"/>
<person name="azach"/>
<strain name="JIM355"/>
<treatments desc="JIM355"/>
<redsig value="n/a"/>
<imageloc loc="/gpfs/fs0/u/azach/images/20160428_nob-1_enh85_sys-1i_L4"/>
<timepts num="210"/>
<annots loc="/gpfs/fs0/u/azach/images/20160428_nob-1_enh85_sys-1i_L4"/>
<acetree config="20160428_nob-1_enh85_sys-1i_L4.xml"/>
<editedby name="n/a"/>
<editedtimepts num="n/a"/>
<editedcells num="n/a"/>
<checkedby name="n/a"/>
<comments text="no"/>
<status case="deleted"/>
</experiment>
