<?xml version='1.0' encoding='utf-8'?>

<experiment>
<series name="20160602_tlp-1_enh774K_L2"/>
<date date="20160602"/>
<person name="azach"/>
<strain name="JIM361"/>
<treatments desc="n/a"/>
<redsig value="n/a"/>
<imageloc loc="/gpfs/fs0/u/azach/images/20160602_tlp-1_enh774K_L2"/>
<timepts num="265"/>
<annots loc="/gpfs/fs0/u/azach/images/20160602_tlp-1_enh774K_L2"/>
<acetree config="20160602_tlp-1_enh774K_L2.xml"/>
<editedby name="ALZ"/>
<editedtimepts num="110"/>
<editedcells num="190"/>
<checkedby name="n/a"/>
<comments text="tg+"/>
<status case="new"/>
</experiment>
