<?xml version='1.0' encoding='utf-8'?>

<experiment>
<series name="20160622_ceh-13_enh450_pop-1i_L2"/>
<date date="20160622"/>
<person name="azach"/>
<strain name="JIM358"/>
<treatments desc="n/a"/>
<redsig value="n/a"/>
<imageloc loc="/gpfs/fs0/u/azach/images/20160622_ceh-13_enh450_pop-1i_L2"/>
<timepts num="232"/>
<annots loc="/gpfs/fs0/u/azach/images/20160622_ceh-13_enh450_pop-1i_L2"/>
<acetree config="20160622_ceh-13_enh450_pop-1i_L2.xml"/>
<editedby name="n/a"/>
<editedtimepts num="n/a"/>
<editedcells num="n/a"/>
<checkedby name="n/a"/>
<comments text="n/a"/>
<status case="new"/>
</experiment>
