<?xml version='1.0' encoding='utf-8'?>

<experiment>
<series name="20160710_elt-1_pop-1i_L3"/>
<date date="20160712"/>
<person name="jrumley"/>
<strain name="RW10346"/>
<treatments desc="n/a"/>
<redsig value="n/a"/>
<imageloc loc="/gpfs/fs0/u/jrumley/images/20160710_elt-1_pop-1i_L3"/>
<timepts num="252"/>
<annots loc="/gpfs/fs0/u/jrumley/images/20160710_elt-1_pop-1i_L3"/>
<acetree config="20160710_elt-1_pop-1i_L3.xml"/>
<editedby name="n/a"/>
<editedtimepts num="n/a"/>
<editedcells num="n/a"/>
<checkedby name="n/a"/>
<comments text="dim"/>
<status case="new"/>
</experiment>
