<?xml version='1.0' encoding='utf-8'?>

<experiment>
<series name="20160422_nob-1_enh85_pop-1i_L2"/>
<date date="20160423"/>
<person name="azach"/>
<strain name="JIM355"/>
<treatments desc="n/a"/>
<redsig value="n/a"/>
<imageloc loc="/gpfs/fs0/u/azach/images/20160422_nob-1_enh85_pop-1i_L2"/>
<timepts num="199"/>
<annots loc="/gpfs/fs0/u/azach/images/20160422_nob-1_enh85_pop-1i_L2"/>
<acetree config="20160422_nob-1_enh85_pop-1i_L2.xml"/>
<editedby name="n/a"/>
<editedtimepts num="n/a"/>
<editedcells num="n/a"/>
<checkedby name="n/a"/>
<comments text="no"/>
<status case="deleted"/>
</experiment>
