<?xml version='1.0' encoding='utf-8'?>

<experiment>
<series name="20160823_ceh-13_enh553_L4"/>
<date date="20160826"/>
<person name="azach"/>
<strain name="JIM270"/>
<treatments desc="n/a"/>
<redsig value="n/a"/>
<imageloc loc="/gpfs/fs0/u/azach/images/20160823_ceh-13_enh553_L4"/>
<timepts num="270"/>
<annots loc="/gpfs/fs0/u/azach/images/20160823_ceh-13_enh553_L4"/>
<acetree config="20160823_ceh-13_enh553_L4.xml"/>
<editedby name="n/a"/>
<editedtimepts num="n/a"/>
<editedcells num="n/a"/>
<checkedby name="n/a"/>
<comments text="n/a"/>
<status case="deleted"/>
</experiment>
