<?xml version='1.0' encoding='utf-8'?>

<experiment>
<series name="20160624_nob-1_enh76_ceh-13i_L3"/>
<date date="20160626"/>
<person name="azach"/>
<strain name="JIM354"/>
<treatments desc="ceh-13 RNAi from L1 stage"/>
<redsig value="n/a"/>
<imageloc loc="/gpfs/fs0/u/azach/images/20160624_nob-1_enh76_ceh-13i_L3"/>
<timepts num="270"/>
<annots loc="/gpfs/fs0/u/azach/images/20160624_nob-1_enh76_ceh-13i_L3"/>
<acetree config="20160624_nob-1_enh76_ceh-13i_L3.xml"/>
<editedby name="ALZ"/>
<editedtimepts num="170"/>
<editedcells num="364"/>
<checkedby name="n/a"/>
<comments text="tg+, more background but normal"/>
<status case="new"/>
</experiment>
