<?xml version='1.0' encoding='utf-8'?>

<experiment>
<series name="20160113_JIM335_ceh-13_L3"/>
<date date="20160114"/>
<person name="eliciap"/>
<strain name="JIM335"/>
<treatments desc="n/a"/>
<redsig value="n/a"/>
<imageloc loc="/gpfs/fs0/u/eliciap/images/20160113_JIM335_ceh-13_L3"/>
<timepts num="270"/>
<annots loc="/gpfs/fs0/u/eliciap/images/20160113_JIM335_ceh-13_L3"/>
<acetree config="20160113_JIM335_ceh-13_L3.xml"/>
<editedby name="EAP"/>
<editedtimepts num="140"/>
<editedcells num="192"/>
<checkedby name="n/a"/>
<comments text="doesn't hatch, editable to 461"/>
<status case="new"/>
</experiment>
