<?xml version='1.0' encoding='utf-8'?>

<experiment>
<series name="20160630_nob-1_enh76_ceh-13i_L3"/>
<date date="20160702"/>
<person name="azach"/>
<strain name="JIM354"/>
<treatments desc="ceh-13 RNAi from L1 stage"/>
<redsig value="n/a"/>
<imageloc loc="/gpfs/fs0/u/azach/images/20160630_nob-1_enh76_ceh-13i_L3"/>
<timepts num="270"/>
<annots loc="/gpfs/fs0/u/azach/images/20160630_nob-1_enh76_ceh-13i_L3"/>
<acetree config="20160630_nob-1_enh76_ceh-13i_L3.xml"/>
<editedby name="ALZ"/>
<editedtimepts num="152"/>
<editedcells num="360"/>
<checkedby name="145,E:152"/>
<comments text="tg+"/>
<status case="new"/>
</experiment>
