<?xml version='1.0' encoding='utf-8'?>

<experiment>
<series name="20160328_ceh-13_enh551_L3"/>
<date date="20160330"/>
<person name="azach"/>
<strain name="JIM346"/>
<treatments desc="n/a"/>
<redsig value="n/a"/>
<imageloc loc="/gpfs/fs0/u/azach/images/20160328_ceh-13_enh551_L3"/>
<timepts num="225"/>
<annots loc="/gpfs/fs0/u/azach/images/20160328_ceh-13_enh551_L3"/>
<acetree config="20160328_ceh-13_enh551_L3.xml"/>
<editedby name="ALZ"/>
<editedtimepts num="160"/>
<editedcells num="n/a"/>
<checkedby name="120,ABpla:160"/>
<comments text="tg+ different location"/>
<status case="new"/>
</experiment>
