<?xml version='1.0' encoding='utf-8'?>

<experiment>
<series name="20160718_nob-1_enh85_L4"/>
<date date="20160718"/>
<person name="azach"/>
<strain name="JIM355"/>
<treatments desc="n/a"/>
<redsig value="n/a"/>
<imageloc loc="/gpfs/fs0/u/azach/images/20160718_nob-1_enh85_L4"/>
<timepts num="190"/>
<annots loc="/gpfs/fs0/u/azach/images/20160718_nob-1_enh85_L4"/>
<acetree config="20160718_nob-1_enh85_L4.xml"/>
<editedby name="ALZ"/>
<editedtimepts num="175"/>
<editedcells num="184"/>
<checkedby name="130,ABp:165,P1:170,C:175"/>
<comments text="tg+, slow, old pattern in ABpxpp"/>
<status case="new"/>
</experiment>
