<?xml version='1.0' encoding='utf-8'?>

<experiment>
<series name="20170222_JIM383_xAA_L3"/>
<date date="20170225"/>
<person name="eliciap"/>
<strain name="n/a"/>
<treatments desc="n/a"/>
<redsig value="n/a"/>
<imageloc loc="/gpfs/fs0/u/eliciap/images/20170222_JIM383_xAA_L3"/>
<timepts num="268"/>
<annots loc="/gpfs/fs0/u/eliciap/images/20170222_JIM383_xAA_L3"/>
<acetree config="20170222_JIM383_xAA_L3.xml"/>
<editedby name="ALZ"/>
<editedtimepts num="120"/>
<editedcells num="188"/>
<checkedby name="n/a"/>
<comments text="tg+"/>
<status case="new"/>
</experiment>
