<?xml version='1.0' encoding='utf-8'?>

<experiment>
<series name="20171002_tbx-11_GFP_L3"/>
<date date="20171004"/>
<person name="azach"/>
<strain name="JIM425"/>
<treatments desc="n/a"/>
<redsig value="n/a"/>
<imageloc loc="/gpfs/fs0/u/azach/images/20171002_tbx-11_GFP_L3"/>
<timepts num="263"/>
<annots loc="/gpfs/fs0/u/azach/images/20171002_tbx-11_GFP_L3"/>
<acetree config="20171002_tbx-11_GFP_L3.xml"/>
<editedby name="ALZ"/>
<editedtimepts num="210"/>
<editedcells num="360"/>
<checkedby name="122,AB:145,EMS:145,C:145,ABplaapp:210,ABpraapp:210"/>
<comments text="n/a"/>
<status case="new"/>
</experiment>
