<?xml version='1.0' encoding='utf-8'?>

<experiment>
<series name="20171105_senh13_L3"/>
<date date="20171107"/>
<person name="azach"/>
<strain name="JIM429"/>
<treatments desc="n/a"/>
<redsig value="n/a"/>
<imageloc loc="/gpfs/fs0/u/azach/images/20171105_senh13_L3"/>
<timepts num="270"/>
<annots loc="/gpfs/fs0/u/azach/images/20171105_senh13_L3"/>
<acetree config="20171105_senh13_L3.xml"/>
<editedby name="n/a"/>
<editedtimepts num="n/a"/>
<editedcells num="n/a"/>
<checkedby name="n/a"/>
<comments text="no tg"/>
<status case="new"/>
</experiment>
