<?xml version='1.0' encoding='utf-8'?>

<experiment>
<series name="20170717_MS632XJIM113_4abc_ceh-51_sys-1i_L4"/>
<date date="20170718"/>
<person name="jrumley"/>
<strain name="JIM401"/>
<treatments desc="n/a"/>
<redsig value="n/a"/>
<imageloc loc="/gpfs/fs0/u/jrumley/images/20170717_MS632XJIM113_4abc_ceh-51_sys-1i_L4"/>
<timepts num="178"/>
<annots loc="/gpfs/fs0/u/jrumley/images/20170717_MS632XJIM113_4abc_ceh-51_sys-1i_L4"/>
<acetree config="20170717_MS632XJIM113_4abc_ceh-51_sys-1i_L4.xml"/>
<editedby name="JDR"/>
<editedtimepts num="136"/>
<editedcells num="n/a"/>
<checkedby name="50,EMS:136,ABala:136"/>
<comments text="n/a"/>
<status case="new"/>
</experiment>
