<?xml version='1.0' encoding='utf-8'?>

<experiment>
<series name="20170511_JIM384_nob-1_enh85_L1"/>
<date date="20170519"/>
<person name="jmurr"/>
<strain name="JIM384"/>
<treatments desc="n/a"/>
<redsig value="n/a"/>
<imageloc loc="/gpfs/fs0/u/jmurr/images/20170511_JIM384_nob-1_enh85_L1"/>
<timepts num="260"/>
<annots loc="/gpfs/fs0/u/jmurr/images/20170511_JIM384_nob-1_enh85_L1"/>
<acetree config="20170511_JIM384_nob-1_enh85_L1.xml"/>
<editedby name="n/a"/>
<editedtimepts num="n/a"/>
<editedcells num="n/a"/>
<checkedby name="n/a"/>
<comments text="n/a"/>
<status case="deleted"/>
</experiment>
