<?xml version='1.0' encoding='utf-8'?>

<experiment>
<series name="20170328_JIM386_elt-1_enh1_L2"/>
<date date="20170329"/>
<person name="eliciap"/>
<strain name="n/a"/>
<treatments desc="n/a"/>
<redsig value="n/a"/>
<imageloc loc="/gpfs/fs0/u/eliciap/images/20170328_JIM386_elt-1_enh1_L2"/>
<timepts num="266"/>
<annots loc="/gpfs/fs0/u/eliciap/images/20170328_JIM386_elt-1_enh1_L2"/>
<acetree config="20170328_JIM386_elt-1_enh1_L2.xml"/>
<editedby name="n/a"/>
<editedtimepts num="n/a"/>
<editedcells num="n/a"/>
<checkedby name="n/a"/>
<comments text="tg-?"/>
<status case="new"/>
</experiment>
