<?xml version='1.0' encoding='utf-8'?>

<experiment>
<series name="20170719_pgp-2_L1"/>
<date date="20170721"/>
<person name="priya"/>
<strain name="n/a"/>
<treatments desc="n/a"/>
<redsig value="n/a"/>
<imageloc loc="/gpfs/fs0/u/priya/images/20170719_pgp-2_L1"/>
<timepts num="260"/>
<annots loc="/gpfs/fs0/u/priya/images/20170719_pgp-2_L1"/>
<acetree config="20170719_pgp-2_L1.xml"/>
<editedby name="PS"/>
<editedtimepts num="210"/>
<editedcells num="n/a"/>
<checkedby name="100,E:210"/>
<comments text="E16 suspect for some"/>
<status case="new"/>
</experiment>
