<?xml version='1.0' encoding='utf-8'?>

<experiment>
<series name="20170814_senh45_L1"/>
<date date="20170816"/>
<person name="azach"/>
<strain name="JIM399"/>
<treatments desc="n/a"/>
<redsig value="xOOxOOxOO"/>
<imageloc loc="/gpfs/fs0/u/azach/images/20170814_senh45_L1"/>
<timepts num="222"/>
<annots loc="/gpfs/fs0/u/azach/images/20170814_senh45_L1"/>
<acetree config="20170814_senh45_L1.xml"/>
<editedby name="ALZ"/>
<editedtimepts num="220"/>
<editedcells num="192"/>
<checkedby name="125,C:180,MS:160,D:185,MSaapp:220,MSapp:220,MSpap:220"/>
<comments text="tg+, red laser dim"/>
<status case="new"/>
</experiment>
