<?xml version='1.0' encoding='utf-8'?>

<experiment>
<series name="20170510_MS632XJIM113_4abc_ceh-51_sys-1i_L1"/>
<date date="20170513"/>
<person name="jrumley"/>
<strain name="JIM401"/>
<treatments desc="n/a"/>
<redsig value="n/a"/>
<imageloc loc="/gpfs/fs0/u/jrumley/images/20170510_MS632XJIM113_4abc_ceh-51_sys-1i_L1"/>
<timepts num="241"/>
<annots loc="/gpfs/fs0/u/jrumley/images/20170510_MS632XJIM113_4abc_ceh-51_sys-1i_L1"/>
<acetree config="20170510_MS632XJIM113_4abc_ceh-51_sys-1i_L1.xml"/>
<editedby name="n/a"/>
<editedtimepts num="n/a"/>
<editedcells num="n/a"/>
<checkedby name="n/a"/>
<comments text="n/a"/>
<status case="new"/>
</experiment>
