<?xml version='1.0' encoding='utf-8'?>

<experiment>
<series name="20170427_MS632XJIM113__ceh-51_L2"/>
<date date="20170428"/>
<person name="jrumley"/>
<strain name="JIM401"/>
<treatments desc="n/a"/>
<redsig value="n/a"/>
<imageloc loc="/gpfs/fs0/u/jrumley/images/20170427_MS632XJIM113__ceh-51_L2"/>
<timepts num="263"/>
<annots loc="/gpfs/fs0/u/jrumley/images/20170427_MS632XJIM113__ceh-51_L2"/>
<acetree config="20170427_MS632XJIM113__ceh-51_L2.xml"/>
<editedby name="JDR"/>
<editedtimepts num="136"/>
<editedcells num="331"/>
<checkedby name="50,EMS:136,ABala:136"/>
<comments text="n/a"/>
<status case="new"/>
</experiment>
