<?xml version='1.0' encoding='utf-8'?>

<experiment>
<series name="20171110_6xTCF_L2"/>
<date date="20171110"/>
<person name="azach"/>
<strain name="JIM437"/>
<treatments desc="n/a"/>
<redsig value="n/a"/>
<imageloc loc="/gpfs/fs0/u/azach/images/20171110_6xTCF_L2"/>
<timepts num="182"/>
<annots loc="/gpfs/fs0/u/azach/images/20171110_6xTCF_L2"/>
<acetree config="20171110_6xTCF_L2.xml"/>
<editedby name="n/a"/>
<editedtimepts num="n/a"/>
<editedcells num="n/a"/>
<checkedby name="n/a"/>
<comments text="ends at t182"/>
<status case="new"/>
</experiment>
