<?xml version='1.0' encoding='utf-8'?>

<experiment>
<series name="20170920_ceh-13_enh554_L2"/>
<date date="20170921"/>
<person name="azach"/>
<strain name="JIM406"/>
<treatments desc="JIM406"/>
<redsig value="n/a"/>
<imageloc loc="/gpfs/fs0/u/azach/images/20170920_ceh-13_enh554_L2"/>
<timepts num="262"/>
<annots loc="/gpfs/fs0/u/azach/images/20170920_ceh-13_enh554_L2"/>
<acetree config="20170920_ceh-13_enh554_L2.xml"/>
<editedby name="n/a"/>
<editedtimepts num="n/a"/>
<editedcells num="n/a"/>
<checkedby name="n/a"/>
<comments text="tg+"/>
<status case="new"/>
</experiment>
