<?xml version='1.0' encoding='utf-8'?>

<experiment>
<series name="20170817_ceh-13_enh555_L2"/>
<date date="20170818"/>
<person name="azach"/>
<strain name="JIM402"/>
<treatments desc="n/a"/>
<redsig value="n/a"/>
<imageloc loc="/gpfs/fs0/u/azach/images/20170817_ceh-13_enh555_L2"/>
<timepts num="261"/>
<annots loc="/gpfs/fs0/u/azach/images/20170817_ceh-13_enh555_L2"/>
<acetree config="20170817_ceh-13_enh555_L2.xml"/>
<editedby name="ALZ"/>
<editedtimepts num="150"/>
<editedcells num="355"/>
<checkedby name="150,ABalapa:200,ABalappa:200,ABplap:200"/>
<comments text="tg+, R in ABa, ABp, MS, C"/>
<status case="new"/>
</experiment>
