<?xml version='1.0' encoding='utf-8'?>

<experiment>
<series name="20171115_bar-1_L4"/>
<date date="20171118"/>
<person name="eliciap"/>
<strain name="n/"/>
<treatments desc="n/a"/>
<redsig value="n/a"/>
<imageloc loc="/gpfs/fs0/u/eliciap/images/20171115_bar-1_L4"/>
<timepts num="262"/>
<annots loc="/gpfs/fs0/u/eliciap/images/20171115_bar-1_L4"/>
<acetree config="20171115_bar-1_L4.xml"/>
<editedby name="n/a"/>
<editedtimepts num="n/a"/>
<editedcells num="n/a"/>
<checkedby name="n/a"/>
<comments text="tg-"/>
<status case="deleted"/>
</experiment>
