<?xml version='1.0' encoding='utf-8'?>

<experiment>
<series name="20171024_senh11_L2"/>
<date date="20171030"/>
<person name="azach"/>
<strain name="JIM426"/>
<treatments desc="n/a"/>
<redsig value="xxSxASxxS"/>
<imageloc loc="/gpfs/fs0/u/azach/images/20171024_senh11_L2"/>
<timepts num="240"/>
<annots loc="/gpfs/fs0/u/azach/images/20171024_senh11_L2"/>
<acetree config="20171024_senh11_L2.xml"/>
<editedby name="n/a"/>
<editedtimepts num="125"/>
<editedcells num="192"/>
<checkedby name="n/a"/>
<comments text="tg+"/>
<status case="new"/>
</experiment>
