<?xml version='1.0' encoding='utf-8'?>

<experiment>
<series name="20170823_irx-1_pop-1i_L4"/>
<date date="20170825"/>
<person name="jrumley"/>
<strain name="n/a"/>
<treatments desc="n/a"/>
<redsig value="n/a"/>
<imageloc loc="/gpfs/fs0/u/jrumley/images/20170823_irx-1_pop-1i_L4"/>
<timepts num="259"/>
<annots loc="/gpfs/fs0/u/jrumley/images/20170823_irx-1_pop-1i_L4"/>
<acetree config="20170823_irx-1_pop-1i_L4.xml"/>
<editedby name="JDR"/>
<editedtimepts num="172"/>
<editedcells num="n/a"/>
<checkedby name="50,ABp:172,EMS:172,C:172"/>
<comments text="n/a"/>
<status case="new"/>
</experiment>
