<?xml version='1.0' encoding='utf-8'?>

<experiment>
<series name="20170927_senh8_pop-1i_L3"/>
<date date="20170928"/>
<person name="azach"/>
<strain name="JIM394"/>
<treatments desc="pop-1 RNAi"/>
<redsig value="n/a"/>
<imageloc loc="/gpfs/fs0/u/azach/images/20170927_senh8_pop-1i_L3"/>
<timepts num="265"/>
<annots loc="/gpfs/fs0/u/azach/images/20170927_senh8_pop-1i_L3"/>
<acetree config="20170927_senh8_pop-1i_L3.xml"/>
<editedby name="n/a"/>
<editedtimepts num="n/a"/>
<editedcells num="n/a"/>
<checkedby name="n/a"/>
<comments text="no tg"/>
<status case="deleted"/>
</experiment>
