<?xml version='1.0' encoding='utf-8'?>

<experiment>
<series name="20170726_unc-86_L3"/>
<date date="20170727"/>
<person name="azach"/>
<strain name="RW11722"/>
<treatments desc="n/a"/>
<redsig value="unc-86::GFP"/>
<imageloc loc="/gpfs/fs0/u/azach/images/20170726_unc-86_L3"/>
<timepts num="261"/>
<annots loc="/gpfs/fs0/u/azach/images/20170726_unc-86_L3"/>
<acetree config="20170726_unc-86_L3.xml"/>
<editedby name="ALZ"/>
<editedtimepts num="100"/>
<editedcells num="188"/>
<checkedby name="n/a"/>
<comments text="n/a"/>
<status case="new"/>
</experiment>
