<?xml version='1.0' encoding='utf-8'?>

<experiment>
<series name="20170928_senh14_pop-1i_L1"/>
<date date="20170929"/>
<person name="azach"/>
<strain name="JIM408"/>
<treatments desc="pop-1 RNAi"/>
<redsig value="SSASSASSA"/>
<imageloc loc="/gpfs/fs0/u/azach/images/20170928_senh14_pop-1i_L1"/>
<timepts num="262"/>
<annots loc="/gpfs/fs0/u/azach/images/20170928_senh14_pop-1i_L1"/>
<acetree config="20170928_senh14_pop-1i_L1.xml"/>
<editedby name="ALZ"/>
<editedtimepts num="115"/>
<editedcells num="190"/>
<checkedby name="n/a"/>
<comments text="tg+"/>
<status case="new"/>
</experiment>
