<?xml version='1.0' encoding='utf-8'?>

<experiment>
<series name="20171115_bar-1_L1"/>
<date date="20171117"/>
<person name="eliciap"/>
<strain name="n/a"/>
<treatments desc="n/a"/>
<redsig value="n/a"/>
<imageloc loc="/gpfs/fs0/u/eliciap/images/20171115_bar-1_L1"/>
<timepts num="262"/>
<annots loc="/gpfs/fs0/u/eliciap/images/20171115_bar-1_L1"/>
<acetree config="20171115_bar-1_L1.xml"/>
<editedby name="n/a"/>
<editedtimepts num="n/a"/>
<editedcells num="n/a"/>
<checkedby name="n/a"/>
<comments text="tg+"/>
<status case="new"/>
</experiment>
