<?xml version='1.0' encoding='utf-8'?>

<experiment>
<series name="20170921_tlp-1_GFP_L4"/>
<date date="20170923"/>
<person name="azach"/>
<strain name="JIM396"/>
<treatments desc="n/a"/>
<redsig value="n/a"/>
<imageloc loc="/gpfs/fs0/u/azach/images/20170921_tlp-1_GFP_L4"/>
<timepts num="261"/>
<annots loc="/gpfs/fs0/u/azach/images/20170921_tlp-1_GFP_L4"/>
<acetree config="20170921_tlp-1_GFP_L4.xml"/>
<editedby name="n/a"/>
<editedtimepts num="n/a"/>
<editedcells num="n/a"/>
<checkedby name="n/a"/>
<comments text="no tg"/>
<status case="deleted"/>
</experiment>
