<?xml version='1.0' encoding='utf-8'?>

<experiment>
<series name="20171025_senh_xSS_L3"/>
<date date="20171101"/>
<person name="azach"/>
<strain name="JIM385"/>
<treatments desc="n/a"/>
<redsig value="xSSxSSxSS"/>
<imageloc loc="/gpfs/fs0/u/azach/images/20171025_senh_xSS_L3"/>
<timepts num="240"/>
<annots loc="/gpfs/fs0/u/azach/images/20171025_senh_xSS_L3"/>
<acetree config="20171025_senh_xSS_L3.xml"/>
<editedby name="n/a"/>
<editedtimepts num="n/a"/>
<editedcells num="n/a"/>
<checkedby name="n/a"/>
<comments text="tg+"/>
<status case="new"/>
</experiment>
