<?xml version='1.0' encoding='utf-8'?>

<experiment>
<series name="20170706_MS632XJIM113_4abc_ceh-51_pop-1i_L4"/>
<date date="20170707"/>
<person name="jrumley"/>
<strain name="JIM401"/>
<treatments desc="n/a"/>
<redsig value="n/a"/>
<imageloc loc="/gpfs/fs0/u/jrumley/images/20170706_MS632XJIM113_4abc_ceh-51_pop-1i_L4"/>
<timepts num="205"/>
<annots loc="/gpfs/fs0/u/jrumley/images/20170706_MS632XJIM113_4abc_ceh-51_pop-1i_L4"/>
<acetree config="20170706_MS632XJIM113_4abc_ceh-51_pop-1i_L4.xml"/>
<editedby name="JDR"/>
<editedtimepts num="125"/>
<editedcells num="n/a"/>
<checkedby name="50,EMS:125,ABala:125"/>
<comments text="n/a"/>
<status case="new"/>
</experiment>
