<?xml version='1.0' encoding='utf-8'?>

<experiment>
<series name="20170221_JIM384_nob-1_enh85_L4"/>
<date date="20170223"/>
<person name="eliciap"/>
<strain name="JIM384"/>
<treatments desc="n/a"/>
<redsig value="n/a"/>
<imageloc loc="/gpfs/fs0/u/eliciap/images/20170221_JIM384_nob-1_enh85_L4"/>
<timepts num="269"/>
<annots loc="/gpfs/fs0/u/eliciap/images/20170221_JIM384_nob-1_enh85_L4"/>
<acetree config="20170221_JIM384_nob-1_enh85_L4.xml"/>
<editedby name="n/a"/>
<editedtimepts num="n/a"/>
<editedcells num="n/a"/>
<checkedby name="n/a"/>
<comments text="no tg?"/>
<status case="deleted"/>
</experiment>
