<?xml version='1.0' encoding='utf-8'?>

<experiment>
<series name="20171120_ceh-13_enh554_L2"/>
<date date="20171120"/>
<person name="azach"/>
<strain name="JIM407"/>
<treatments desc="n/a"/>
<redsig value="n/a"/>
<imageloc loc="/gpfs/fs0/u/azach/images/20171120_ceh-13_enh554_L2"/>
<timepts num="212"/>
<annots loc="/gpfs/fs0/u/azach/images/20171120_ceh-13_enh554_L2"/>
<acetree config="20171120_ceh-13_enh554_L2.xml"/>
<editedby name="n/a"/>
<editedtimepts num="n/a"/>
<editedcells num="n/a"/>
<checkedby name="n/a"/>
<comments text="n/a"/>
<status case="new"/>
</experiment>
