<?xml version='1.0' encoding='utf-8'?>

<experiment>
<series name="20171006_senh12_L2"/>
<date date="20171006"/>
<person name="azach"/>
<strain name="JIM415"/>
<treatments desc="n/a"/>
<redsig value="xASxASxAS"/>
<imageloc loc="/gpfs/fs0/u/azach/images/20171006_senh12_L2"/>
<timepts num="213"/>
<annots loc="/gpfs/fs0/u/azach/images/20171006_senh12_L2"/>
<acetree config="20171006_senh12_L2.xml"/>
<editedby name="n/a"/>
<editedtimepts num="107"/>
<editedcells num="192"/>
<checkedby name="n/a"/>
<comments text="tg+"/>
<status case="new"/>
</experiment>
