<?xml version='1.0' encoding='utf-8'?>

<experiment>
<series name="20170710_elt-7_efl-1_se1_25_L4"/>
<date date="20170717"/>
<person name="priya"/>
<strain name="n/a"/>
<treatments desc="n/a"/>
<redsig value="n/a"/>
<imageloc loc="/gpfs/fs0/u/priya/images/20170710_elt-7_efl-1_se1_25_L4"/>
<timepts num="240"/>
<annots loc="/gpfs/fs0/u/priya/images/20170710_elt-7_efl-1_se1_25_L4"/>
<acetree config="20170710_elt-7_efl-1_se1_25_L4.xml"/>
<editedby name="n/a"/>
<editedtimepts num="n/a"/>
<editedcells num="n/a"/>
<checkedby name="n/a"/>
<comments text="n/a"/>
<status case="new"/>
</experiment>
