<?xml version='1.0' encoding='utf-8'?>

<experiment>
<series name="20170403_MS632XJIM113_1bbj_ceh-51_L2"/>
<date date="20170412"/>
<person name="jrumley"/>
<strain name="JIM400"/>
<treatments desc="n/a"/>
<redsig value="n/a"/>
<imageloc loc="/gpfs/fs0/u/jrumley/images/20170403_MS632XJIM113_1bbj_ceh-51_L2"/>
<timepts num="243"/>
<annots loc="/gpfs/fs0/u/jrumley/images/20170403_MS632XJIM113_1bbj_ceh-51_L2"/>
<acetree config="20170403_MS632XJIM113_1bbj_ceh-51_L2.xml"/>
<editedby name="JDR"/>
<editedtimepts num="120"/>
<editedcells num="n/a"/>
<checkedby name="50,EMS:120,ABala:120"/>
<comments text="n/a"/>
<status case="new"/>
</experiment>
