<?xml version='1.0' encoding='utf-8'?>

<experiment>
<series name="20170405_JIM381_ceh-13_enh53_L4"/>
<date date="20170407"/>
<person name="eliciap"/>
<strain name="JIM381"/>
<treatments desc="n/a"/>
<redsig value="n/a"/>
<imageloc loc="/gpfs/fs0/u/eliciap/images/20170405_JIM381_ceh-13_enh53_L4"/>
<timepts num="260"/>
<annots loc="/gpfs/fs0/u/eliciap/images/20170405_JIM381_ceh-13_enh53_L4"/>
<acetree config="20170405_JIM381_ceh-13_enh53_L4.xml"/>
<editedby name="n/a"/>
<editedtimepts num="n/a"/>
<editedcells num="n/a"/>
<checkedby name="n/a"/>
<comments text="no tg"/>
<status case="deleted"/>
</experiment>
