<?xml version='1.0' encoding='utf-8'?>

<experiment>
<series name="20171102_elt-1_sys-1i_L2"/>
<date date="20171105"/>
<person name="jrumley"/>
<strain name="n/a"/>
<treatments desc="n/a"/>
<redsig value="n/a"/>
<imageloc loc="/gpfs/fs0/u/jrumley/images/20171102_elt-1_sys-1i_L2"/>
<timepts num="259"/>
<annots loc="/gpfs/fs0/u/jrumley/images/20171102_elt-1_sys-1i_L2"/>
<acetree config="20171102_elt-1_sys-1i_L2.xml"/>
<editedby name="n/a"/>
<editedtimepts num="n/a"/>
<editedcells num="n/a"/>
<checkedby name="n/a"/>
<comments text="n/a"/>
<status case="new"/>
</experiment>
