<?xml version='1.0' encoding='utf-8'?>

<experiment>
<series name="20170721_end-3_L1"/>
<date date="20170722"/>
<person name="priya"/>
<strain name="RW10064"/>
<treatments desc="n/a"/>
<redsig value="n/a"/>
<imageloc loc="/gpfs/fs0/u/priya/images/20170721_end-3_L1"/>
<timepts num="270"/>
<annots loc="/gpfs/fs0/u/priya/images/20170721_end-3_L1"/>
<acetree config="20170721_end-3_L1.xml"/>
<editedby name="PS"/>
<editedtimepts num="100"/>
<editedcells num="n/a"/>
<checkedby name="100,E:150"/>
<comments text="n/a"/>
<status case="new"/>
</experiment>
