<?xml version='1.0' encoding='utf-8'?>

<experiment>
<series name="20170525_lin-39_ceh-13i_L4"/>
<date date="20170603"/>
<person name="azach"/>
<strain name="RW10349"/>
<treatments desc="ceh-13 RNAi"/>
<redsig value="n/a"/>
<imageloc loc="/gpfs/fs0/u/azach/images/20170525_lin-39_ceh-13i_L4"/>
<timepts num="181"/>
<annots loc="/gpfs/fs0/u/azach/images/20170525_lin-39_ceh-13i_L4"/>
<acetree config="20170525_lin-39_ceh-13i_L4.xml"/>
<editedby name="n/a"/>
<editedtimepts num="n/a"/>
<editedcells num="n/a"/>
<checkedby name="n/a"/>
<comments text="n/a"/>
<status case="new"/>
</experiment>
