<?xml version='1.0' encoding='utf-8'?>

<experiment>
<series name="20170623_ATL104_cnd-1_L2"/>
<date date="20170626"/>
<person name="eliciap"/>
<strain name="ATL104"/>
<treatments desc="n/a"/>
<redsig value="n/a"/>
<imageloc loc="/gpfs/fs0/u/eliciap/images/20170623_ATL104_cnd-1_L2"/>
<timepts num="270"/>
<annots loc="/gpfs/fs0/u/eliciap/images/20170623_ATL104_cnd-1_L2"/>
<acetree config="20170623_ATL104_cnd-1_L2.xml"/>
<editedby name="n/a"/>
<editedtimepts num="n/a"/>
<editedcells num="n/a"/>
<checkedby name="n/a"/>
<comments text="good"/>
<status case="new"/>
</experiment>
