<?xml version='1.0' encoding='utf-8'?>

<experiment>
<series name="20170826_irx-1_sys-1i_L2"/>
<date date="20170827"/>
<person name="jrumley"/>
<strain name="n/a"/>
<treatments desc="n/a"/>
<redsig value="n/a"/>
<imageloc loc="/gpfs/fs0/u/jrumley/images/20170826_irx-1_sys-1i_L2"/>
<timepts num="270"/>
<annots loc="/gpfs/fs0/u/jrumley/images/20170826_irx-1_sys-1i_L2"/>
<acetree config="20170826_irx-1_sys-1i_L2.xml"/>
<editedby name="JDR"/>
<editedtimepts num="172"/>
<editedcells num="n/a"/>
<checkedby name="50,ABp:172,EMS:172,C:172"/>
<comments text="lineage problems?"/>
<status case="new"/>
</experiment>
