<?xml version='1.0' encoding='utf-8'?>

<experiment>
<series name="20170117_JIM375_nob-1_L3"/>
<date date="20170119"/>
<person name="eliciap"/>
<strain name="JIM375"/>
<treatments desc="n/a"/>
<redsig value="nob-1 in ceh-13 mutant"/>
<imageloc loc="/gpfs/fs0/u/eliciap/images/20170117_JIM375_nob-1_L3"/>
<timepts num="267"/>
<annots loc="/gpfs/fs0/u/eliciap/images/20170117_JIM375_nob-1_L3"/>
<acetree config="20170117_JIM375_nob-1_L3.xml"/>
<editedby name="n/a"/>
<editedtimepts num="n/a"/>
<editedcells num="n/a"/>
<checkedby name="n/a"/>
<comments text="n/a"/>
<status case="new"/>
</experiment>
