<?xml version='1.0' encoding='utf-8'?>

<experiment>
<series name="20171123_senh44_JIM440_L3"/>
<date date="20171124"/>
<person name="eliciap"/>
<strain name="JIM440"/>
<treatments desc="n/a"/>
<redsig value="xWWxWWxWW"/>
<imageloc loc="/gpfs/fs0/u/eliciap/images/20171123_senh44_JIM440_L3"/>
<timepts num="270"/>
<annots loc="/gpfs/fs0/u/eliciap/images/20171123_senh44_JIM440_L3"/>
<acetree config="20171123_senh44_JIM440_L3.xml"/>
<editedby name="n/a"/>
<editedtimepts num="n/a"/>
<editedcells num="n/a"/>
<checkedby name="n/a"/>
<comments text="tg+"/>
<status case="new"/>
</experiment>
