<?xml version='1.0' encoding='utf-8'?>

<experiment>
<series name="20170530_MS632XJIM113_1bbj_ceh-51_L2"/>
<date date="20170531"/>
<person name="jrumley"/>
<strain name="JIM400"/>
<treatments desc="n/a"/>
<redsig value="n/a"/>
<imageloc loc="/gpfs/fs0/u/jrumley/images/20170530_MS632XJIM113_1bbj_ceh-51_L2"/>
<timepts num="253"/>
<annots loc="/gpfs/fs0/u/jrumley/images/20170530_MS632XJIM113_1bbj_ceh-51_L2"/>
<acetree config="20170530_MS632XJIM113_1bbj_ceh-51_L2.xml"/>
<editedby name="JDR"/>
<editedtimepts num="118"/>
<editedcells num="n/a"/>
<checkedby name="50,EMS:118,ABala:118"/>
<comments text="n/a"/>
<status case="new"/>
</experiment>
