<?xml version='1.0' encoding='utf-8'?>

<experiment>
<series name="20171012_elt-7_mCherry_L3"/>
<date date="20171014"/>
<person name="eliciap"/>
<strain name="JIM424"/>
<treatments desc="n/a"/>
<redsig value="n/a"/>
<imageloc loc="/gpfs/fs0/u/eliciap/images/20171012_elt-7_mCherry_L3"/>
<timepts num="261"/>
<annots loc="/gpfs/fs0/u/eliciap/images/20171012_elt-7_mCherry_L3"/>
<acetree config="20171012_elt-7_mCherry_L3.xml"/>
<editedby name="EAP"/>
<editedtimepts num="130"/>
<editedcells num="229"/>
<checkedby name="n/a"/>
<comments text="good lineage, marker present"/>
<status case="new"/>
</experiment>
