<?xml version='1.0' encoding='utf-8'?>

<experiment>
<series name="20170824_senh8_L1"/>
<date date="20170825"/>
<person name="azach"/>
<strain name="JIM394"/>
<treatments desc="n/a"/>
<redsig value="xAxxAxxAx"/>
<imageloc loc="/gpfs/fs0/u/azach/images/20170824_senh8_L1"/>
<timepts num="241"/>
<annots loc="/gpfs/fs0/u/azach/images/20170824_senh8_L1"/>
<acetree config="20170824_senh8_L1.xml"/>
<editedby name="n/a"/>
<editedtimepts num="n/a"/>
<editedcells num="n/a"/>
<checkedby name="n/a"/>
<comments text="n/a"/>
<status case="new"/>
</experiment>
