<?xml version='1.0' encoding='utf-8'?>

<experiment>
<series name="20171101_senh12_L3"/>
<date date="20171105"/>
<person name="azach"/>
<strain name="JIM412"/>
<treatments desc="n/a"/>
<redsig value="xASxASxAS"/>
<imageloc loc="/gpfs/fs0/u/azach/images/20171101_senh12_L3"/>
<timepts num="262"/>
<annots loc="/gpfs/fs0/u/azach/images/20171101_senh12_L3"/>
<acetree config="20171101_senh12_L3.xml"/>
<editedby name="n/a"/>
<editedtimepts num="n/a"/>
<editedcells num="n/a"/>
<checkedby name="n/a"/>
<comments text="arrested"/>
<status case="new"/>
</experiment>
