<?xml version='1.0' encoding='utf-8'?>

<experiment>
<series name="20170519_JIM113_Ecoli_L3"/>
<date date="20170607"/>
<person name="eliciap"/>
<strain name="n/a"/>
<treatments desc="n/a"/>
<redsig value="n/a"/>
<imageloc loc="/gpfs/fs0/u/eliciap/images/20170519_JIM113_Ecoli_L3"/>
<timepts num="266"/>
<annots loc="/gpfs/fs0/u/eliciap/images/20170519_JIM113_Ecoli_L3"/>
<acetree config="20170519_JIM113_Ecoli_L3.xml"/>
<editedby name="n/a"/>
<editedtimepts num="n/a"/>
<editedcells num="n/a"/>
<checkedby name="n/a"/>
<comments text="n/a"/>
<status case="new"/>
</experiment>
