<?xml version='1.0' encoding='utf-8'?>

<experiment>
<series name="20171127_6xTCF_JIM437_L3"/>
<date date="20171129"/>
<person name="azach"/>
<strain name="JIM437"/>
<treatments desc="n/a"/>
<redsig value="n/a"/>
<imageloc loc="/gpfs/fs0/u/azach/images/20171127_6xTCF_JIM437_L3"/>
<timepts num="261"/>
<annots loc="/gpfs/fs0/u/azach/images/20171127_6xTCF_JIM437_L3"/>
<acetree config="20171127_6xTCF_JIM437_L3.xml"/>
<editedby name="ALZ"/>
<editedtimepts num="120"/>
<editedcells num="192"/>
<checkedby name="n/a"/>
<comments text="tg+"/>
<status case="new"/>
</experiment>
