<?xml version='1.0' encoding='utf-8'?>

<experiment>
<series name="20170406_JIM386_elt-1_enh1_L2"/>
<date date="20170408"/>
<person name="eliciap"/>
<strain name="JIM386"/>
<treatments desc="n/a"/>
<redsig value="n/a"/>
<imageloc loc="/gpfs/fs0/u/eliciap/images/20170406_JIM386_elt-1_enh1_L2"/>
<timepts num="257"/>
<annots loc="/gpfs/fs0/u/eliciap/images/20170406_JIM386_elt-1_enh1_L2"/>
<acetree config="20170406_JIM386_elt-1_enh1_L2.xml"/>
<editedby name="n/a"/>
<editedtimepts num="n/a"/>
<editedcells num="n/a"/>
<checkedby name="n/a"/>
<comments text="no embryo"/>
<status case="deleted"/>
</experiment>
