<?xml version='1.0' encoding='utf-8'?>

<experiment>
<series name="20170112_JIM374_nob-1_L4"/>
<date date="20170114"/>
<person name="eliciap"/>
<strain name="JIM374"/>
<treatments desc="n/a"/>
<redsig value="nob-1 in ceh-13 mutant"/>
<imageloc loc="/gpfs/fs0/u/eliciap/images/20170112_JIM374_nob-1_L4"/>
<timepts num="267"/>
<annots loc="/gpfs/fs0/u/eliciap/images/20170112_JIM374_nob-1_L4"/>
<acetree config="20170112_JIM374_nob-1_L4.xml"/>
<editedby name="n/a"/>
<editedtimepts num="n/a"/>
<editedcells num="n/a"/>
<checkedby name="n/a"/>
<comments text="AVR, cut off a bit, hatches"/>
<status case="new"/>
</experiment>
