<?xml version='1.0' encoding='utf-8'?>

<experiment>
<series name="20170825_irx-1_pop-1i_L4"/>
<date date="20170827"/>
<person name="jrumley"/>
<strain name="R"/>
<treatments desc="n/a"/>
<redsig value="n/a"/>
<imageloc loc="/gpfs/fs0/u/jrumley/images/20170825_irx-1_pop-1i_L4"/>
<timepts num="249"/>
<annots loc="/gpfs/fs0/u/jrumley/images/20170825_irx-1_pop-1i_L4"/>
<acetree config="20170825_irx-1_pop-1i_L4.xml"/>
<editedby name="n/a"/>
<editedtimepts num="n/a"/>
<editedcells num="n/a"/>
<checkedby name="n/a"/>
<comments text="n/a"/>
<status case="deleted"/>
</experiment>
