<?xml version='1.0' encoding='utf-8'?>

<experiment>
<series name="20170531_elt-7_efl-1_se1_22_L3"/>
<date date="20170602"/>
<person name="priya"/>
<strain name="RW10131"/>
<treatments desc="22"/>
<redsig value="n/a"/>
<imageloc loc="/gpfs/fs0/u/priya/images/20170531_elt-7_efl-1_se1_22_L3"/>
<timepts num="150"/>
<annots loc="/gpfs/fs0/u/priya/images/20170531_elt-7_efl-1_se1_22_L3"/>
<acetree config="20170531_elt-7_efl-1_se1_22_L3.xml"/>
<editedby name="PS"/>
<editedtimepts num="100"/>
<editedcells num="n/a"/>
<checkedby name="n/a"/>
<comments text="n/a"/>
<status case="deleted"/>
</experiment>
