<?xml version='1.0' encoding='utf-8'?>

<experiment>
<series name="20170605_ceh-40_L1"/>
<date date="20170607"/>
<person name="azach"/>
<strain name="n/a"/>
<treatments desc="n/a"/>
<redsig value="n/a"/>
<imageloc loc="/gpfs/fs0/u/azach/images/20170605_ceh-40_L1"/>
<timepts num="258"/>
<annots loc="/gpfs/fs0/u/azach/images/20170605_ceh-40_L1"/>
<acetree config="20170605_ceh-40_L1.xml"/>
<editedby name="ALZ"/>
<editedtimepts num="85"/>
<editedcells num="200"/>
<comments text="dim at top"/>
<status case="new"/>
</experiment>
