<?xml version='1.0' encoding='utf-8'?>

<experiment>
<series name="20170908_senh43_L1"/>
<date date="20170908"/>
<person name="azach"/>
<strain name="JIM411"/>
<treatments desc="medium POP-1 site"/>
<redsig value="xMMxMMxMM"/>
<imageloc loc="/gpfs/fs0/u/azach/images/20170908_senh43_L1"/>
<timepts num="264"/>
<annots loc="/gpfs/fs0/u/azach/images/20170908_senh43_L1"/>
<acetree config="20170908_senh43_L1.xml"/>
<editedby name="ALZ"/>
<editedtimepts num="220"/>
<editedcells num="195"/>
<checkedby name="125,AB:165,ABaraaa:185,ABalaaa:220"/>
<comments text="tg+"/>
<status case="new"/>
</experiment>
