<?xml version='1.0' encoding='utf-8'?>

<experiment>
<series name="20170612_nob-1_enh85-JIM384_L3"/>
<date date="20170613"/>
<person name="eliciap"/>
<strain name="n/a"/>
<treatments desc="n/a"/>
<redsig value="really ceh-13 enh551.5"/>
<imageloc loc="/gpfs/fs0/u/eliciap/images/20170612_nob-1_enh85-JIM384_L3"/>
<timepts num="265"/>
<annots loc="/gpfs/fs0/u/eliciap/images/20170612_nob-1_enh85-JIM384_L3"/>
<acetree config="20170612_nob-1_enh85-JIM384_L3.xml"/>
<editedby name="n/a"/>
<editedtimepts num="n/a"/>
<editedcells num="n/a"/>
<checkedby name="n/a"/>
<comments text="no tg, G- pha"/>
<status case="new"/>
</experiment>
