<?xml version='1.0' encoding='utf-8'?>

<experiment>
<series name="20170912_ceh-13_enh554_L4"/>
<date date="20170913"/>
<person name="azach"/>
<strain name="JIM407"/>
<treatments desc="n/a"/>
<redsig value="n/a"/>
<imageloc loc="/gpfs/fs0/u/azach/images/20170912_ceh-13_enh554_L4"/>
<timepts num="231"/>
<annots loc="/gpfs/fs0/u/azach/images/20170912_ceh-13_enh554_L4"/>
<acetree config="20170912_ceh-13_enh554_L4.xml"/>
<editedby name="n/a"/>
<editedtimepts num="n/a"/>
<editedcells num="n/a"/>
<checkedby name="n/a"/>
<comments text="tg+"/>
<status case="new"/>
</experiment>
