<?xml version='1.0' encoding='utf-8'?>

<experiment>
<series name="20170619_JIM113_coma_L3"/>
<date date="20170620"/>
<person name="eliciap"/>
<strain name="JIM113"/>
<treatments desc="n/a"/>
<redsig value="n/a"/>
<imageloc loc="/gpfs/fs0/u/eliciap/images/20170619_JIM113_coma_L3"/>
<timepts num="267"/>
<annots loc="/gpfs/fs0/u/eliciap/images/20170619_JIM113_coma_L3"/>
<acetree config="20170619_JIM113_coma_L3.xml"/>
<editedby name="n/a"/>
<editedtimepts num="n/a"/>
<editedcells num="n/a"/>
<checkedby name="n/a"/>
<comments text="good"/>
<status case="new"/>
</experiment>
