<?xml version='1.0' encoding='utf-8'?>

<experiment>
<series name="20170707_elt-7_efl-1_se1_25_L4"/>
<date date="20170708"/>
<person name="priya"/>
<strain name="JIM389"/>
<treatments desc="25 deg"/>
<redsig value="n/a"/>
<imageloc loc="/gpfs/fs0/u/priya/images/20170707_elt-7_efl-1_se1_25_L4"/>
<timepts num="242"/>
<annots loc="/gpfs/fs0/u/priya/images/20170707_elt-7_efl-1_se1_25_L4"/>
<acetree config="20170707_elt-7_efl-1_se1_25_L4.xml"/>
<editedby name="PS"/>
<editedtimepts num="100,E:200"/>
<editedcells num="n/a"/>
<checkedby name="n/a"/>
<comments text="Only 4 E cells, never divides"/>
<status case="new"/>
</experiment>
