<?xml version='1.0' encoding='utf-8'?>

<experiment>
<series name="20170821_tlp-1_GFP_L1"/>
<date date="20170822"/>
<person name="azach"/>
<strain name="JIM396"/>
<treatments desc="n/a"/>
<redsig value="n/a"/>
<imageloc loc="/gpfs/fs0/u/azach/images/20170821_tlp-1_GFP_L1"/>
<timepts num="241"/>
<annots loc="/gpfs/fs0/u/azach/images/20170821_tlp-1_GFP_L1"/>
<acetree config="20170821_tlp-1_GFP_L1.xml"/>
<editedby name="ALZ"/>
<editedtimepts num="185"/>
<editedcells num="192"/>
<checkedby name="95,ABp:125,ABarp:185,ABalppp:170"/>
<comments text="G+"/>
<status case="new"/>
</experiment>
