<?xml version='1.0' encoding='utf-8'?>

<experiment>
<series name="20170514_MS632XJIM113_1bbj_ceh-51_L4"/>
<date date="20170517"/>
<person name="jrumley"/>
<strain name="m"/>
<treatments desc="n/a"/>
<redsig value="n/a"/>
<imageloc loc="/gpfs/fs0/u/jrumley/images/20170514_MS632XJIM113_1bbj_ceh-51_L4"/>
<timepts num="247"/>
<annots loc="/gpfs/fs0/u/jrumley/images/20170514_MS632XJIM113_1bbj_ceh-51_L4"/>
<acetree config="20170514_MS632XJIM113_1bbj_ceh-51_L4.xml"/>
<editedby name="n/a"/>
<editedtimepts num="n/a"/>
<editedcells num="n/a"/>
<checkedby name="n/a"/>
<comments text="n/a"/>
<status case="deleted"/>
</experiment>
