<?xml version='1.0' encoding='utf-8'?>

<experiment>
<series name="20170501_lin-39_GFP_L2"/>
<date date="20170502"/>
<person name="azach"/>
<strain name="RW10349"/>
<treatments desc="n/a"/>
<redsig value="n/a"/>
<imageloc loc="/gpfs/fs0/u/azach/images/20170501_lin-39_GFP_L2"/>
<timepts num="241"/>
<annots loc="/gpfs/fs0/u/azach/images/20170501_lin-39_GFP_L2"/>
<acetree config="20170501_lin-39_GFP_L2.xml"/>
<editedby name="n/a"/>
<editedtimepts num="210"/>
<editedcells num="365"/>
<checkedby name="124,P2:150,C:210,ABarp:235,ABplap:235,ABprap:235"/>
<comments text="C high"/>
<status case="new"/>
</experiment>
