<?xml version='1.0' encoding='utf-8'?>

<experiment>
<series name="20170513_MS632XJIM113_4abc_ceh-51_pop-1i_L4"/>
<date date="20170515"/>
<person name="jrumley"/>
<strain name="m"/>
<treatments desc="n/a"/>
<redsig value="n/a"/>
<imageloc loc="/gpfs/fs0/u/jrumley/images/20170513_MS632XJIM113_4abc_ceh-51_pop-1i_L4"/>
<timepts num="251"/>
<annots loc="/gpfs/fs0/u/jrumley/images/20170513_MS632XJIM113_4abc_ceh-51_pop-1i_L4"/>
<acetree config="20170513_MS632XJIM113_4abc_ceh-51_pop-1i_L4.xml"/>
<editedby name="n/a"/>
<editedtimepts num="n/a"/>
<editedcells num="n/a"/>
<checkedby name="n/a"/>
<comments text="n/a"/>
<status case="deleted"/>
</experiment>
