<?xml version='1.0' encoding='utf-8'?>

<experiment>
<series name="20180306_unc-30_enh19_L4"/>
<date date="20180308"/>
<person name="eliciap"/>
<strain name="JIM450"/>
<treatments desc="n/a"/>
<redsig value="n/a"/>
<imageloc loc="/gpfs/fs0/u/eliciap/images/20180306_unc-30_enh19_L4"/>
<timepts num="270"/>
<annots loc="/gpfs/fs0/u/eliciap/images/20180306_unc-30_enh19_L4"/>
<acetree config="20180306_unc-30_enh19_L4.xml"/>
<editedby name="n/a"/>
<editedtimepts num="n/a"/>
<editedcells num="n/a"/>
<checkedby name="n/a"/>
<comments text="n/a"/>
<status case="new"/>
</experiment>
