<?xml version='1.0' encoding='utf-8'?>

<experiment>
<series name="20180531_elt-1_JIM504_L2"/>
<date date="20180607"/>
<person name="eliciap"/>
<strain name="JIM504"/>
<treatments desc="n/a"/>
<redsig value="n/a"/>
<imageloc loc="/gpfs/fs0/u/eliciap/images/20180531_elt-1_JIM504_L2"/>
<timepts num="241"/>
<annots loc="/gpfs/fs0/u/eliciap/images/20180531_elt-1_JIM504_L2"/>
<acetree config="20180531_elt-1_JIM504_L2.xml"/>
<editedby name="n/a"/>
<editedtimepts num="n/a"/>
<editedcells num="n/a"/>
<checkedby name="n/a"/>
<comments text="n/a"/>
<status case="new"/>
</experiment>
