<?xml version='1.0' encoding='utf-8'?>

<experiment>
<series name="20180808_VH1195_ast-1_L1"/>
<date date="20180813"/>
<person name="eliciap"/>
<strain name="JIM515"/>
<treatments desc="n/a"/>
<redsig value="n/a"/>
<imageloc loc="/gpfs/fs0/u/eliciap/images/20180808_VH1195_ast-1_L1"/>
<timepts num="250"/>
<annots loc="/gpfs/fs0/u/eliciap/images/20180808_VH1195_ast-1_L1"/>
<acetree config="20180808_VH1195_ast-1_L1.xml"/>
<editedby name="EAP"/>
<editedtimepts num="80"/>
<editedcells num="n/a"/>
<checkedby name="n/a"/>
<comments text="n/a"/>
<status case="new"/>
</experiment>
