<?xml version='1.0' encoding='utf-8'?>

<experiment>
<series name="20180523_nob-1_e92_d400_L1"/>
<date date="20180609"/>
<person name="eliciap"/>
<strain name="JIM464"/>
<treatments desc="n/a"/>
<redsig value="n/a"/>
<imageloc loc="/gpfs/fs0/u/eliciap/images/20180523_nob-1_e92_d400_L1"/>
<timepts num="263"/>
<annots loc="/gpfs/fs0/u/eliciap/images/20180523_nob-1_e92_d400_L1"/>
<acetree config="20180523_nob-1_e92_d400_L1.xml"/>
<editedby name="n/a"/>
<editedtimepts num="n/a"/>
<editedcells num="n/a"/>
<checkedby name="n/a"/>
<comments text="tg+"/>
<status case="new"/>
</experiment>
