<?xml version='1.0' encoding='utf-8'?>

<experiment>
<series name="20180430_ceh-30-GFP_L2"/>
<date date="20180503"/>
<person name="priya"/>
<strain name="n/a"/>
<treatments desc="n/a"/>
<redsig value="n/a"/>
<imageloc loc="/gpfs/fs0/u/priya/images/20180430_ceh-30-GFP_L2"/>
<timepts num="270"/>
<annots loc="/gpfs/fs0/u/priya/images/20180430_ceh-30-GFP_L2"/>
<acetree config="20180430_ceh-30-GFP_L2.xml"/>
<editedby name="n/a"/>
<editedtimepts num="n/a"/>
<editedcells num="n/a"/>
<checkedby name="n/a"/>
<comments text="n/a"/>
<status case="new"/>
</experiment>
