<?xml version='1.0' encoding='utf-8'?>

<experiment>
<series name="20180917_nob-1_e76_ok1002_L4"/>
<date date="20180922"/>
<person name="eliciap"/>
<strain name="JIM489"/>
<treatments desc="n/a"/>
<redsig value="n/a"/>
<imageloc loc="/gpfs/fs0/u/eliciap/images/20180917_nob-1_e76_ok1002_L4"/>
<timepts num="241"/>
<annots loc="/gpfs/fs0/u/eliciap/images/20180917_nob-1_e76_ok1002_L4"/>
<acetree config="20180917_nob-1_e76_ok1002_L4.xml"/>
<editedby name="EAP"/>
<editedtimepts num="40"/>
<editedcells num="n/a"/>
<checkedby name="n/a"/>
<comments text="tg+ I think I messed up initial edits"/>
<status case="new"/>
</experiment>
