<?xml version='1.0' encoding='utf-8'?>

<experiment>
<series name="20180616_unc3-GFP_2_L2"/>
<date date="20180617"/>
<person name="priya"/>
<strain name="RW11988"/>
<treatments desc="n/a"/>
<redsig value="n/a"/>
<imageloc loc="/gpfs/fs0/u/priya/images/20180616_unc3-GFP_2_L2"/>
<timepts num="270"/>
<annots loc="/gpfs/fs0/u/priya/images/20180616_unc3-GFP_2_L2"/>
<acetree config="20180616_unc3-GFP_2_L2.xml"/>
<editedby name="PS"/>
<editedtimepts num="240"/>
<editedcells num="n/a"/>
<checkedby name="n/a"/>
<comments text="n/a"/>
<status case="new"/>
</experiment>
