<?xml version='1.0' encoding='utf-8'?>

<experiment>
<series name="20180409_nob-1_e85d272_L1"/>
<date date="20180412"/>
<person name="azach"/>
<strain name="JIM484"/>
<treatments desc="n/a"/>
<redsig value="n/a"/>
<imageloc loc="/gpfs/fs0/u/azach/images/20180409_nob-1_e85d272_L1"/>
<timepts num="181"/>
<annots loc="/gpfs/fs0/u/azach/images/20180409_nob-1_e85d272_L1"/>
<acetree config="20180409_nob-1_e85d272_L1.xml"/>
<editedby name="n/a"/>
<editedtimepts num="n/a"/>
<editedcells num="n/a"/>
<checkedby name="n/a"/>
<comments text="tg+, arrest"/>
<status case="new"/>
</experiment>
