<?xml version='1.0' encoding='utf-8'?>

<experiment>
<series name="20180905_ref-2_e1_413_L4"/>
<date date="20180907"/>
<person name="jrumley"/>
<strain name="n/a"/>
<treatments desc="n/a"/>
<redsig value="n/a"/>
<imageloc loc="/gpfs/fs0/u/jrumley/images/20180905_ref-2_e1_413_L4"/>
<timepts num="264"/>
<annots loc="/gpfs/fs0/u/jrumley/images/20180905_ref-2_e1_413_L4"/>
<acetree config="20180905_ref-2_e1_413_L4.xml"/>
<editedby name="n/a"/>
<editedtimepts num="n/a"/>
<editedcells num="n/a"/>
<checkedby name="n/a"/>
<comments text="n/a"/>
<status case="new"/>
</experiment>
