<?xml version='1.0' encoding='utf-8'?>

<experiment>
<series name="20181114_ref-2_e1_215_L3"/>
<date date="20181117"/>
<person name="jrumley"/>
<strain name="n/a"/>
<treatments desc="n/a"/>
<redsig value="n/a"/>
<imageloc loc="/gpfs/fs0/u/jrumley/images/20181114_ref-2_e1_215_L3"/>
<timepts num="241"/>
<annots loc="/gpfs/fs0/u/jrumley/images/20181114_ref-2_e1_215_L3"/>
<acetree config="20181114_ref-2_e1_215_L3.xml"/>
<editedby name="JDR"/>
<editedtimepts num="150"/>
<editedcells num="n/a"/>
<checkedby name="n/a"/>
<comments text="n/a"/>
<status case="new"/>
</experiment>
