<?xml version='1.0' encoding='utf-8'?>

<experiment>
<series name="20180214_nob-1_GFP_elt-1i_L2"/>
<date date="20180214"/>
<person name="azach"/>
<strain name="JIM284"/>
<treatments desc="n/a"/>
<redsig value="n/a"/>
<imageloc loc="/gpfs/fs0/u/azach/images/20180214_nob-1_GFP_elt-1i_L2"/>
<timepts num="210"/>
<annots loc="/gpfs/fs0/u/azach/images/20180214_nob-1_GFP_elt-1i_L2"/>
<acetree config="20180214_nob-1_GFP_elt-1i_L2.xml"/>
<editedby name="n/a"/>
<editedtimepts num="n/a"/>
<editedcells num="n/a"/>
<checkedby name="n/a"/>
<comments text="n/a"/>
<status case="new"/>
</experiment>
