<?xml version='1.0' encoding='utf-8'?>

<experiment>
<series name="20180528_fmi-1_JIM508_L2"/>
<date date="20180530"/>
<person name="eliciap"/>
<strain name="JIM508"/>
<treatments desc="n/a"/>
<redsig value="n/a"/>
<imageloc loc="/gpfs/fs0/u/eliciap/images/20180528_fmi-1_JIM508_L2"/>
<timepts num="260"/>
<annots loc="/gpfs/fs0/u/eliciap/images/20180528_fmi-1_JIM508_L2"/>
<acetree config="20180528_fmi-1_JIM508_L2.xml"/>
<editedby name="n/a"/>
<editedtimepts num="n/a"/>
<editedcells num="n/a"/>
<checkedby name="n/a"/>
<comments text="n/a"/>
<status case="del1"/>
</experiment>
