<?xml version='1.0' encoding='utf-8'?>

<experiment>
<series name="20181029_JIM529_L1"/>
<date date="20181031"/>
<person name="azach"/>
<strain name="n/a"/>
<treatments desc="n/a"/>
<redsig value="n/a"/>
<imageloc loc="/gpfs/fs0/u/azach/images/20181029_JIM529_L1"/>
<timepts num="263"/>
<annots loc="/gpfs/fs0/u/azach/images/20181029_JIM529_L1"/>
<acetree config="20181029_JIM529_L1.xml"/>
<editedby name="n/a"/>
<editedtimepts num="n/a"/>
<editedcells num="n/a"/>
<checkedby name="n/a"/>
<comments text="has balancer"/>
<status case="new"/>
</experiment>
