<?xml version='1.0' encoding='utf-8'?>

<experiment>
<series name="20180716_bar-1_new_L1"/>
<date date="20180720"/>
<person name="eliciap"/>
<strain name="n/a"/>
<treatments desc="n/a"/>
<redsig value="n/a"/>
<imageloc loc="/gpfs/fs0/u/eliciap/images/20180716_bar-1_new_L1"/>
<timepts num="263"/>
<annots loc="/gpfs/fs0/u/eliciap/images/20180716_bar-1_new_L1"/>
<acetree config="20180716_bar-1_new_L1.xml"/>
<editedby name="JIM"/>
<editedtimepts num="100"/>
<editedcells num="191"/>
<checkedby name="n/a"/>
<comments text="n/a"/>
<status case="new"/>
</experiment>
