<?xml version='1.0' encoding='utf-8'?>

<experiment>
<series name="20180404_nob-1_ok1002_L1"/>
<date date="20180406"/>
<person name="azach"/>
<strain name="JIM470"/>
<treatments desc="n/a"/>
<redsig value="n/a"/>
<imageloc loc="/gpfs/fs0/u/azach/images/20180404_nob-1_ok1002_L1"/>
<timepts num="205"/>
<annots loc="/gpfs/fs0/u/azach/images/20180404_nob-1_ok1002_L1"/>
<acetree config="20180404_nob-1_ok1002_L1.xml"/>
<editedby name="ALZ"/>
<editedtimepts num="132"/>
<editedcells num="190"/>
<checkedby name="95,ABp:132,C:132"/>
<comments text="PVL, arrest"/>
<status case="new"/>
</experiment>
