<?xml version='1.0' encoding='utf-8'?>

<experiment>
<series name="20180330_nob-1_e92d211_fix_L1"/>
<date date="20180331"/>
<person name="azach"/>
<strain name="JIM472"/>
<treatments desc="n/a"/>
<redsig value="n/a"/>
<imageloc loc="/gpfs/fs0/u/azach/images/20180330_nob-1_e92d211_fix_L1"/>
<timepts num="270"/>
<annots loc="/gpfs/fs0/u/azach/images/20180330_nob-1_e92d211_fix_L1"/>
<acetree config="20180330_nob-1_e92d211_fix_L1.xml"/>
<editedby name="n/a"/>
<editedtimepts num="n/a"/>
<editedcells num="n/a"/>
<checkedby name="n/a"/>
<comments text="n/a"/>
<status case="new"/>
</experiment>
