<?xml version='1.0' encoding='utf-8'?>

<experiment>
<series name="20180409_nob-1_e92d289_L1"/>
<date date="20180412"/>
<person name="azach"/>
<strain name="JIM482"/>
<treatments desc="n/a"/>
<redsig value="n/a"/>
<imageloc loc="/gpfs/fs0/u/azach/images/20180409_nob-1_e92d289_L1"/>
<timepts num="202"/>
<annots loc="/gpfs/fs0/u/azach/images/20180409_nob-1_e92d289_L1"/>
<acetree config="20180409_nob-1_e92d289_L1.xml"/>
<editedby name="90,ABp:120"/>
<editedtimepts num="120"/>
<editedcells num="350"/>
<checkedby name="90,ABp:120"/>
<comments text="tg+"/>
<status case="new"/>
</experiment>
