<?xml version='1.0' encoding='utf-8'?>

<experiment>
<series name="20180605_nob-1_e85_d399_L2"/>
<date date="20180608"/>
<person name="eliciap"/>
<strain name="JIM496"/>
<treatments desc="n/a"/>
<redsig value="n/a"/>
<imageloc loc="/gpfs/fs0/u/eliciap/images/20180605_nob-1_e85_d399_L2"/>
<timepts num="251"/>
<annots loc="/gpfs/fs0/u/eliciap/images/20180605_nob-1_e85_d399_L2"/>
<acetree config="20180605_nob-1_e85_d399_L2.xml"/>
<editedby name="n/a"/>
<editedtimepts num="n/a"/>
<editedcells num="n/a"/>
<checkedby name="n/a"/>
<comments text="oocyte"/>
<status case="del1"/>
</experiment>
