<?xml version='1.0' encoding='utf-8'?>

<experiment>
<series name="20180725_nob-1_e76_R_JIM507_2_L3"/>
<date date="20180801"/>
<person name="eliciap"/>
<strain name="JIM507"/>
<treatments desc="n/a"/>
<redsig value="n/a"/>
<imageloc loc="/gpfs/fs0/u/eliciap/images/20180725_nob-1_e76_R_JIM507_2_L3"/>
<timepts num="255"/>
<annots loc="/gpfs/fs0/u/eliciap/images/20180725_nob-1_e76_R_JIM507_2_L3"/>
<acetree config="20180725_nob-1_e76_R_JIM507_2_L3.xml"/>
<editedby name="n/a"/>
<editedtimepts num="n/a"/>
<editedcells num="n/a"/>
<checkedby name="n/a"/>
<comments text="n/a"/>
<status case="del1"/>
</experiment>
