<?xml version='1.0' encoding='utf-8'?>

<experiment>
<series name="20180422_pax-1-GFP_L3"/>
<date date="20180425"/>
<person name="azach"/>
<strain name="n/a"/>
<treatments desc="n/a"/>
<redsig value="n/a"/>
<imageloc loc="/gpfs/fs0/u/azach/images/20180422_pax-1-GFP_L3"/>
<timepts num="246"/>
<annots loc="/gpfs/fs0/u/azach/images/20180422_pax-1-GFP_L3"/>
<acetree config="20180422_pax-1-GFP_L3.xml"/>
<editedby name="n/a"/>
<editedtimepts num="n/a"/>
<editedcells num="n/a"/>
<checkedby name="n/a"/>
<comments text="n/a"/>
<status case="new"/>
</experiment>
