<?xml version='1.0' encoding='utf-8'?>

<experiment>
<series name="20180207_ceh-13_e552_L2"/>
<date date="20180209"/>
<person name="azach"/>
<strain name="JIM447"/>
<treatments desc="n/a"/>
<redsig value="n/a"/>
<imageloc loc="/gpfs/fs0/u/azach/images/20180207_ceh-13_e552_L2"/>
<timepts num="269"/>
<annots loc="/gpfs/fs0/u/azach/images/20180207_ceh-13_e552_L2"/>
<acetree config="20180207_ceh-13_e552_L2.xml"/>
<editedby name="n/a"/>
<editedtimepts num="n/a"/>
<editedcells num="n/a"/>
<checkedby name="n/a"/>
<comments text="tg+ arrests 350 cells"/>
<status case="new"/>
</experiment>
