<?xml version='1.0' encoding='utf-8'?>

<experiment>
<series name="20180723_nob-1_elt-1_JIM492_L1"/>
<date date="20180728"/>
<person name="eliciap"/>
<strain name="n/a"/>
<treatments desc="n/a"/>
<redsig value="n/a"/>
<imageloc loc="/gpfs/fs0/u/eliciap/images/20180723_nob-1_elt-1_JIM492_L1"/>
<timepts num="242"/>
<annots loc="/gpfs/fs0/u/eliciap/images/20180723_nob-1_elt-1_JIM492_L1"/>
<acetree config="20180723_nob-1_elt-1_JIM492_L1.xml"/>
<editedby name="n/a"/>
<editedtimepts num="n/a"/>
<editedcells num="n/a"/>
<checkedby name="n/a"/>
<comments text="n/a"/>
<status case="new"/>
</experiment>
