<?xml version='1.0' encoding='utf-8'?>

<experiment>
<series name="20180305_nob-1_e92_delta400_L4"/>
<date date="20180308"/>
<person name="eliciap"/>
<strain name="JIM464"/>
<treatments desc="n/a"/>
<redsig value="n/a"/>
<imageloc loc="/gpfs/fs0/u/eliciap/images/20180305_nob-1_e92_delta400_L4"/>
<timepts num="260"/>
<annots loc="/gpfs/fs0/u/eliciap/images/20180305_nob-1_e92_delta400_L4"/>
<acetree config="20180305_nob-1_e92_delta400_L4.xml"/>
<editedby name="n/a"/>
<editedtimepts num="n/a"/>
<editedcells num="n/a"/>
<checkedby name="n/a"/>
<comments text="n/a"/>
<status case="new"/>
</experiment>
