<?xml version='1.0' encoding='utf-8'?>

<experiment>
<series name="20180221_nob-1_GFP_unc-62i_L3"/>
<date date="20180222"/>
<person name="azach"/>
<strain name="JIM284"/>
<treatments desc="n/a"/>
<redsig value="n/a"/>
<imageloc loc="/gpfs/fs0/u/azach/images/20180221_nob-1_GFP_unc-62i_L3"/>
<timepts num="262"/>
<annots loc="/gpfs/fs0/u/azach/images/20180221_nob-1_GFP_unc-62i_L3"/>
<acetree config="20180221_nob-1_GFP_unc-62i_L3.xml"/>
<editedby name="n/a"/>
<editedtimepts num="n/a"/>
<editedcells num="n/a"/>
<checkedby name="n/a"/>
<comments text="n/a"/>
<status case="new"/>
</experiment>
