<?xml version='1.0' encoding='utf-8'?>

<experiment>
<series name="20180525_unc-3-GFP_L2"/>
<date date="20180530"/>
<person name="priya"/>
<strain name="n/a"/>
<treatments desc="n/a"/>
<redsig value="n/a"/>
<imageloc loc="/gpfs/fs0/u/priya/images/20180525_unc-3-GFP_L2"/>
<timepts num="243"/>
<annots loc="/gpfs/fs0/u/priya/images/20180525_unc-3-GFP_L2"/>
<acetree config="20180525_unc-3-GFP_L2.xml"/>
<editedby name="n/a"/>
<editedtimepts num="n/a"/>
<editedcells num="n/a"/>
<checkedby name="n/a"/>
<comments text="n/a"/>
<status case="new"/>
</experiment>
