<?xml version='1.0' encoding='utf-8'?>

<experiment>
<series name="20180227_nob-1_e92v_L3"/>
<date date="20180228"/>
<person name="azach"/>
<strain name="JIM458"/>
<treatments desc="n/a"/>
<redsig value="n/a"/>
<imageloc loc="/gpfs/fs0/u/azach/images/20180227_nob-1_e92v_L3"/>
<timepts num="240"/>
<annots loc="/gpfs/fs0/u/azach/images/20180227_nob-1_e92v_L3"/>
<acetree config="20180227_nob-1_e92v_L3.xml"/>
<editedby name="ALZ"/>
<editedtimepts num="175"/>
<editedcells num="n/a"/>
<checkedby name="90,ABp:135,ABplap:175,ABplpp:175,ABprap:175,ABprpp:175"/>
<comments text="tg+"/>
<status case="new"/>
</experiment>
