<?xml version='1.0' encoding='utf-8'?>

<experiment>
<series name="20180314_nob-1_ok1002_L4"/>
<date date="20180316"/>
<person name="azach"/>
<strain name="JIM470"/>
<treatments desc="n/a"/>
<redsig value="n/a"/>
<imageloc loc="/gpfs/fs0/u/azach/images/20180314_nob-1_ok1002_L4"/>
<timepts num="261"/>
<annots loc="/gpfs/fs0/u/azach/images/20180314_nob-1_ok1002_L4"/>
<acetree config="20180314_nob-1_ok1002_L4.xml"/>
<editedby name="n/a"/>
<editedtimepts num="1"/>
<editedcells num="8"/>
<checkedby name="n/a"/>
<comments text="wt"/>
<status case="new"/>
</experiment>
