<?xml version='1.0' encoding='utf-8'?>

<experiment>
<series name="20180302_nob-1_e85_sw1_L3"/>
<date date="20180313"/>
<person name="azach"/>
<strain name="JIM465"/>
<treatments desc="n/a"/>
<redsig value="n/a"/>
<imageloc loc="/gpfs/fs0/u/azach/images/20180302_nob-1_e85_sw1_L3"/>
<timepts num="265"/>
<annots loc="/gpfs/fs0/u/azach/images/20180302_nob-1_e85_sw1_L3"/>
<acetree config="20180302_nob-1_e85_sw1_L3.xml"/>
<editedby name="n/a"/>
<editedtimepts num="n/a"/>
<editedcells num="n/a"/>
<checkedby name="n/a"/>
<comments text="n/a"/>
<status case="new"/>
</experiment>
