<?xml version='1.0' encoding='utf-8'?>

<experiment>
<series name="20180718_nob-1_e92_elt-1_L3"/>
<date date="20180725"/>
<person name="eliciap"/>
<strain name="JIM492"/>
<treatments desc="n/a"/>
<redsig value="n/a"/>
<imageloc loc="/gpfs/fs0/u/eliciap/images/20180718_nob-1_e92_elt-1_L3"/>
<timepts num="270"/>
<annots loc="/gpfs/fs0/u/eliciap/images/20180718_nob-1_e92_elt-1_L3"/>
<acetree config="20180718_nob-1_e92_elt-1_L3.xml"/>
<editedby name="n/a"/>
<editedtimepts num="n/a"/>
<editedcells num="n/a"/>
<checkedby name="n/a"/>
<comments text="n/a"/>
<status case="new"/>
</experiment>
