<?xml version='1.0' encoding='utf-8'?>

<experiment>
<series name="20180417_nob-1_e76_ok1002_L2"/>
<date date="20180418"/>
<person name="azach"/>
<strain name="JIM489"/>
<treatments desc="n/a"/>
<redsig value="n/a"/>
<imageloc loc="/gpfs/fs0/u/azach/images/20180417_nob-1_e76_ok1002_L2"/>
<timepts num="170"/>
<annots loc="/gpfs/fs0/u/azach/images/20180417_nob-1_e76_ok1002_L2"/>
<acetree config="20180417_nob-1_e76_ok1002_L2.xml"/>
<editedby name="n/a"/>
<editedtimepts num="n/a"/>
<editedcells num="n/a"/>
<checkedby name="n/a"/>
<comments text="n/a"/>
<status case="new"/>
</experiment>
