<?xml version='1.0' encoding='utf-8'?>

<experiment>
<series name="20180622_unc3-GFP_2_L1"/>
<date date="20180624"/>
<person name="priya"/>
<strain name="n/a"/>
<treatments desc="n/a"/>
<redsig value="n/a"/>
<imageloc loc="/gpfs/fs0/u/priya/images/20180622_unc3-GFP_2_L1"/>
<timepts num="270"/>
<annots loc="/gpfs/fs0/u/priya/images/20180622_unc3-GFP_2_L1"/>
<acetree config="20180622_unc3-GFP_2_L1.xml"/>
<editedby name="EAP"/>
<editedtimepts num="n/a"/>
<editedcells num="n/a"/>
<checkedby name="n/a"/>
<comments text="can't see reporter"/>
<status case="new"/>
</experiment>
