<?xml version='1.0' encoding='utf-8'?>

<experiment>
<series name="20180329_unc-62_t2012_fix_L1"/>
<date date="20180331"/>
<person name="azach"/>
<strain name="JIM476"/>
<treatments desc="n/a"/>
<redsig value="n/a"/>
<imageloc loc="/gpfs/fs0/u/azach/images/20180329_unc-62_t2012_fix_L1"/>
<timepts num="241"/>
<annots loc="/gpfs/fs0/u/azach/images/20180329_unc-62_t2012_fix_L1"/>
<acetree config="20180329_unc-62_t2012_fix_L1.xml"/>
<editedby name="n/a"/>
<editedtimepts num="n/a"/>
<editedcells num="n/a"/>
<checkedby name="n/a"/>
<comments text="n/a"/>
<status case="new"/>
</experiment>
