<?xml version='1.0' encoding='utf-8'?>

<experiment>
<series name="20180527_hmbx-1-GFP_L3"/>
<date date="20180603"/>
<person name="priya"/>
<strain name="RW12069"/>
<treatments desc="n/a"/>
<redsig value="n/a"/>
<imageloc loc="/gpfs/fs0/u/priya/images/20180527_hmbx-1-GFP_L3"/>
<timepts num="268"/>
<annots loc="/gpfs/fs0/u/priya/images/20180527_hmbx-1-GFP_L3"/>
<acetree config="20180527_hmbx-1-GFP_L3.xml"/>
<editedby name="n/a"/>
<editedtimepts num="240"/>
<editedcells num="n/a"/>
<checkedby name="n/a"/>
<comments text="n/a"/>
<status case="new"/>
</experiment>
