<?xml version='1.0' encoding='utf-8'?>

<experiment>
<series name="20180417_elt-1_ok1002_L4"/>
<date date="20180419"/>
<person name="azach"/>
<strain name="JIM486"/>
<treatments desc="n/a"/>
<redsig value="n/a"/>
<imageloc loc="/gpfs/fs0/u/azach/images/20180417_elt-1_ok1002_L4"/>
<timepts num="256"/>
<annots loc="/gpfs/fs0/u/azach/images/20180417_elt-1_ok1002_L4"/>
<acetree config="20180417_elt-1_ok1002_L4.xml"/>
<editedby name="FP"/>
<editedtimepts num="n/a"/>
<editedcells num="n/a"/>
<checkedby name="n/a"/>
<comments text="mutant, max530 cells"/>
<status case="new"/>
</experiment>
