<?xml version='1.0' encoding='utf-8'?>

<experiment>
<series name="20180215_nob-1_unc-62i_L2"/>
<date date="20180216"/>
<person name="azach"/>
<strain name="RW10896"/>
<treatments desc="n/a"/>
<redsig value="n/a"/>
<imageloc loc="/gpfs/fs0/u/azach/images/20180215_nob-1_unc-62i_L2"/>
<timepts num="262"/>
<annots loc="/gpfs/fs0/u/azach/images/20180215_nob-1_unc-62i_L2"/>
<acetree config="20180215_nob-1_unc-62i_L2.xml"/>
<editedby name="ALZ"/>
<editedtimepts num="170"/>
<editedcells num="192"/>
<checkedby name="133,ABp:170"/>
<comments text="n/a"/>
<status case="new"/>
</experiment>
