<?xml version='1.0' encoding='utf-8'?>

<experiment>
<series name="20180313_nob-1_e92d400_L4"/>
<date date="20180314"/>
<person name="azach"/>
<strain name="JIM464"/>
<treatments desc="n/a"/>
<redsig value="n/a"/>
<imageloc loc="/gpfs/fs0/u/azach/images/20180313_nob-1_e92d400_L4"/>
<timepts num="213"/>
<annots loc="/gpfs/fs0/u/azach/images/20180313_nob-1_e92d400_L4"/>
<acetree config="20180313_nob-1_e92d400_L4.xml"/>
<editedby name="n/a"/>
<editedtimepts num="n/a"/>
<editedcells num="n/a"/>
<checkedby name="n/a"/>
<comments text="tg+"/>
<status case="new"/>
</experiment>
