<?xml version='1.0' encoding='utf-8'?>

<experiment>
<series name="20180522_nob-1_e85_d399_L4"/>
<date date="20180601"/>
<person name="eliciap"/>
<strain name="JIM496"/>
<treatments desc="n/a"/>
<redsig value="n/a"/>
<imageloc loc="/gpfs/fs0/u/eliciap/images/20180522_nob-1_e85_d399_L4"/>
<timepts num="242"/>
<annots loc="/gpfs/fs0/u/eliciap/images/20180522_nob-1_e85_d399_L4"/>
<acetree config="20180522_nob-1_e85_d399_L4.xml"/>
<editedby name="n/a"/>
<editedtimepts num="n/a"/>
<editedcells num="n/a"/>
<checkedby name="n/a"/>
<comments text="n/a"/>
<status case="del1"/>
</experiment>
