<?xml version='1.0' encoding='utf-8'?>

<experiment>
<series name="20180911_nob-1_e76_d272_L1"/>
<date date="20180912"/>
<person name="eliciap"/>
<strain name="JIM516"/>
<treatments desc="n/a"/>
<redsig value="n/a"/>
<imageloc loc="/gpfs/fs0/u/eliciap/images/20180911_nob-1_e76_d272_L1"/>
<timepts num="260"/>
<annots loc="/gpfs/fs0/u/eliciap/images/20180911_nob-1_e76_d272_L1"/>
<acetree config="20180911_nob-1_e76_d272_L1.xml"/>
<editedby name="n/a"/>
<editedtimepts num="n/a"/>
<editedcells num="n/a"/>
<checkedby name="n/a"/>
<comments text="n/a"/>
<status case="del1"/>
</experiment>
