<?xml version='1.0' encoding='utf-8'?>

<experiment>
<series name="20180521_nob-1_e76_d1_pm_L3"/>
<date date="20180527"/>
<person name="eliciap"/>
<strain name="JIM499"/>
<treatments desc="n/a"/>
<redsig value="n/a"/>
<imageloc loc="/gpfs/fs0/u/eliciap/images/20180521_nob-1_e76_d1_pm_L3"/>
<timepts num="261"/>
<annots loc="/gpfs/fs0/u/eliciap/images/20180521_nob-1_e76_d1_pm_L3"/>
<acetree config="20180521_nob-1_e76_d1_pm_L3.xml"/>
<editedby name="EAP"/>
<editedtimepts num="120"/>
<editedcells num="n/a"/>
<checkedby name="n/a"/>
<comments text="tg+"/>
<status case="new"/>
</experiment>
