<?xml version='1.0' encoding='utf-8'?>

<experiment>
<series name="20180228_unc-30_e19_L1"/>
<date date="20180301"/>
<person name="azach"/>
<strain name="JIM449"/>
<treatments desc="n/a"/>
<redsig value="n/a"/>
<imageloc loc="/gpfs/fs0/u/azach/images/20180228_unc-30_e19_L1"/>
<timepts num="262"/>
<annots loc="/gpfs/fs0/u/azach/images/20180228_unc-30_e19_L1"/>
<acetree config="20180228_unc-30_e19_L1.xml"/>
<editedby name="n/a"/>
<editedtimepts num="n/a"/>
<editedcells num="n/a"/>
<checkedby name="n/a"/>
<comments text="tg+, slow"/>
<status case="new"/>
</experiment>
