<?xml version='1.0' encoding='utf-8'?>

<experiment>
<series name="20180910_ref-2_e1_413_L3"/>
<date date="20180911"/>
<person name="jrumley"/>
<strain name="J"/>
<treatments desc="n/a"/>
<redsig value="n/a"/>
<imageloc loc="/gpfs/fs0/u/jrumley/images/20180910_ref-2_e1_413_L3"/>
<timepts num="263"/>
<annots loc="/gpfs/fs0/u/jrumley/images/20180910_ref-2_e1_413_L3"/>
<acetree config="20180910_ref-2_e1_413_L3.xml"/>
<editedby name="n/a"/>
<editedtimepts num="n/a"/>
<editedcells num="n/a"/>
<checkedby name="n/a"/>
<comments text="n/a"/>
<status case="del1"/>
</experiment>
