<?xml version='1.0' encoding='utf-8'?>

<experiment>
<series name="20180429_nob-1_e76_sw1_L2"/>
<date date="20180501"/>
<person name="azach"/>
<strain name="n/a"/>
<treatments desc="n/a"/>
<redsig value="n/a"/>
<imageloc loc="/gpfs/fs0/u/azach/images/20180429_nob-1_e76_sw1_L2"/>
<timepts num="180"/>
<annots loc="/gpfs/fs0/u/azach/images/20180429_nob-1_e76_sw1_L2"/>
<acetree config="20180429_nob-1_e76_sw1_L2.xml"/>
<editedby name="n/a"/>
<editedtimepts num="n/a"/>
<editedcells num="n/a"/>
<checkedby name="n/a"/>
<comments text="n/a"/>
<status case="new"/>
</experiment>
