<?xml version='1.0' encoding='utf-8'?>

<experiment>
<series name="20180913_ref-2_e1_413_L1"/>
<date date="20180914"/>
<person name="jrumley"/>
<strain name="n/a"/>
<treatments desc="n/a"/>
<redsig value="n/a"/>
<imageloc loc="/gpfs/fs0/u/jrumley/images/20180913_ref-2_e1_413_L1"/>
<timepts num="261"/>
<annots loc="/gpfs/fs0/u/jrumley/images/20180913_ref-2_e1_413_L1"/>
<acetree config="20180913_ref-2_e1_413_L1.xml"/>
<editedby name="JDR"/>
<editedtimepts num="50"/>
<editedcells num="n/a"/>
<checkedby name="n/a"/>
<comments text="no expression"/>
<status case="new"/>
</experiment>
