<?xml version='1.0' encoding='utf-8'?>

<experiment>
<series name="20180807_ref-2_e1_413_L2"/>
<date date="20180809"/>
<person name="jrumley"/>
<strain name="n/a"/>
<treatments desc="n/a"/>
<redsig value="n/a"/>
<imageloc loc="/gpfs/fs0/u/jrumley/images/20180807_ref-2_e1_413_L2"/>
<timepts num="250"/>
<annots loc="/gpfs/fs0/u/jrumley/images/20180807_ref-2_e1_413_L2"/>
<acetree config="20180807_ref-2_e1_413_L2.xml"/>
<editedby name="JDR"/>
<editedtimepts num="150"/>
<editedcells num="n/a"/>
<checkedby name="n/a"/>
<comments text="n/a"/>
<status case="new"/>
</experiment>
