<?xml version='1.0' encoding='utf-8'?>

<experiment>
<series name="20180402_nob-1_enh92d1_L1"/>
<date date="20180402"/>
<person name="azach"/>
<strain name="JIM473"/>
<treatments desc="n/a"/>
<redsig value="n/a"/>
<imageloc loc="/gpfs/fs0/u/azach/images/20180402_nob-1_enh92d1_L1"/>
<timepts num="221"/>
<annots loc="/gpfs/fs0/u/azach/images/20180402_nob-1_enh92d1_L1"/>
<acetree config="20180402_nob-1_enh92d1_L1.xml"/>
<editedby name="n/a"/>
<editedtimepts num="n/a"/>
<editedcells num="n/a"/>
<checkedby name="n/a"/>
<comments text="tg+, hatches"/>
<status case="new"/>
</experiment>
