<?xml version='1.0' encoding='utf-8'?>

<experiment>
<series name="Mary_Ann_VilCre_Lgr5_1-20-12_L8"/>
<date date="20120206"/>
<person name="jmurr"/>
<strain name="n/a"/>
<treatments desc="n/a"/>
<redsig value="n/a"/>
<imageloc loc="/gpfs/fs0/u/jmurr/images//Mary_Ann_VilCre_Lgr5_1-20-12_L8"/>
<timepts num="181"/>
<annots loc="/gpfs/fs0/u/jmurr/images//Mary_Ann_VilCre_Lgr5_1-20-12_L8"/>
<acetree config="Mary_Ann_VilCre_Lgr5_1-20-12_L8.xml"/>
<editedby name="n/a"/>
<editedtimepts num="n/a"/>
<editedcells num="n/a"/>
<checkedby name="n/a"/>
<comments text="n/a"/>
<status case="new"/>
</experiment>
