<?xml version='1.0' encoding='utf-8'?>

<experiment>
<series name="VilCre_mTmG_9-18-12_L2"/>
<date date="20121218"/>
<person name="jmurr"/>
<strain name="n/a"/>
<treatments desc="n/a"/>
<redsig value="n/a"/>
<imageloc loc="/gpfs/fs0/u/jmurr/images//VilCre_mTmG_9-18-12_L2"/>
<timepts num="065"/>
<annots loc="/gpfs/fs0/u/jmurr/images//VilCre_mTmG_9-18-12_L2"/>
<acetree config="VilCre_mTmG_9-18-12_L2.xml"/>
<editedby name="n/a"/>
<editedtimepts num="n/a"/>
<editedcells num="n/a"/>
<checkedby name="n/a"/>
<comments text="n/a"/>
<status case="new"/>
</experiment>
