<?xml version='1.0' encoding='utf-8'?>

<experiment>
<series name="VilCre_mch_mTmG_9-24-2012_60X2_L1"/>
<date date="20121218"/>
<person name="jmurr"/>
<strain name="n/a"/>
<treatments desc="n/a"/>
<redsig value="n/a"/>
<imageloc loc="/gpfs/fs0/u/jmurr/images//VilCre_mch_mTmG_9-24-2012_60X2_L1"/>
<timepts num="019"/>
<annots loc="/gpfs/fs0/u/jmurr/images//VilCre_mch_mTmG_9-24-2012_60X2_L1"/>
<acetree config="VilCre_mch_mTmG_9-24-2012_60X2_L1.xml"/>
<editedby name="JIM"/>
<editedtimepts num="n/a"/>
<editedcells num="n/a"/>
<checkedby name="n/a"/>
<comments text="n/a"/>
<status case="new"/>
</experiment>
